amount,transaction_frequency,transaction_hour,location_mismatch,device_change,account_age_days,previous_transaction_count,failed_transaction_count,international_transaction,unusual_transaction,is_fraud
6031.3,5,16,0,0,235,8,0,0,1,0
1571.86,7,15,0,0,110,6,2,0,0,0
9418.69,8,9,1,0,219,10,0,0,0,0
11390.84,4,18,0,0,222,9,1,0,0,0
632.05,6,17,0,0,317,15,0,0,0,0
1209.33,10,7,0,0,255,16,0,0,0,0
5053.52,5,17,0,0,393,12,0,0,0,0
3241.39,6,22,0,0,71,6,0,0,0,0
4372.98,4,19,1,0,254,15,0,0,0,0
1894.97,5,17,0,0,252,12,1,0,0,0
10714.98,9,18,0,0,576,27,1,0,0,0
9679.76,9,19,0,0,160,5,1,0,0,0
4750.62,7,6,0,0,153,8,0,0,0,0
13728.66,7,17,0,0,344,17,1,1,0,0
7097.58,10,4,1,0,601,27,0,0,0,0
1883.16,8,8,0,1,14,2,0,0,0,0
6430.13,6,22,0,0,558,14,0,1,0,0
1704.65,7,6,0,0,500,14,0,0,0,0
10704.83,7,20,0,0,320,16,0,0,0,0
4230.49,5,10,0,0,383,21,0,0,0,0
3696.48,4,5,0,1,682,33,0,0,0,0
2250.87,8,2,0,0,221,9,0,0,0,0
15101.38,7,13,0,0,101,3,0,0,0,0
3810.33,5,10,0,0,502,29,0,0,0,0
2897.7,3,12,0,0,473,27,0,1,1,0
3127.12,8,1,0,0,45,1,1,0,1,1
7572.73,2,6,0,0,928,43,0,0,0,0
6408.91,5,0,0,0,451,18,0,0,0,0
6719.26,9,7,0,0,168,12,0,0,0,0
6841.9,10,22,0,0,478,24,1,0,0,0
37859.89,6,3,0,0,433,19,0,1,1,1
2961.9,6,16,0,0,246,14,0,0,0,0
2664.46,4,0,0,0,380,21,1,0,0,0
1970.86,12,13,0,0,382,20,0,0,0,0
8233.61,7,22,0,1,351,15,1,0,0,0
13752.45,9,8,0,0,329,16,0,0,0,0
3968.14,3,4,0,0,437,29,0,0,0,0
1919.55,7,13,0,0,391,14,0,0,0,0
1949.87,7,6,0,1,222,9,1,0,0,0
8523.59,8,21,0,0,141,7,0,0,0,0
9351.15,6,20,0,0,378,19,0,0,0,0
7655.31,4,15,0,0,555,28,0,1,0,0
2285.84,4,15,0,0,368,19,0,0,0,0
5609.19,5,14,0,0,219,12,0,1,0,0
4997.46,8,17,0,0,67,0,0,1,0,0
5534.12,12,11,0,1,948,55,1,1,0,0
10629.93,2,23,0,0,459,18,0,0,0,0
5561.35,8,8,1,0,436,26,0,0,0,0
8768.43,5,0,0,0,248,14,1,0,0,0
4757.98,6,16,0,0,70,3,1,0,0,0
5937.95,4,15,0,0,208,15,0,0,0,0
8360.62,6,23,0,0,852,48,0,0,1,0
1035.71,7,9,0,0,115,3,1,0,0,0
3230.3,9,10,0,0,56,1,0,0,1,0
2778.39,4,13,0,0,940,55,0,0,0,0
2347.54,4,9,0,0,171,6,0,0,0,0
3377.39,4,18,0,0,294,10,0,0,0,0
19829.8,5,10,0,0,441,23,0,0,0,0
1870.89,5,18,0,0,1138,60,0,0,0,0
11710.94,4,10,0,0,839,44,0,0,0,0
826.44,7,5,0,0,322,7,1,0,1,0
3181.52,6,23,0,0,218,6,0,0,0,0
5233.07,7,12,0,0,129,9,0,0,0,0
7992.21,9,16,0,0,464,19,1,0,0,0
9056.4,2,14,0,0,369,19,0,0,0,0
9831.5,9,8,0,0,65,3,0,0,1,0
3137.79,7,23,0,0,293,12,0,0,0,0
2800.77,7,8,0,0,376,15,0,0,0,0
10487.88,8,23,1,0,493,25,0,0,0,0
3672.75,7,10,0,1,151,8,0,0,0,0
1241.8,9,0,0,0,384,15,0,0,0,0
1431.84,8,0,0,0,126,7,1,0,0,0
1773.21,4,23,0,0,441,18,1,0,0,0
7311.19,3,12,0,1,286,12,1,0,0,0
5127.77,4,9,0,0,1194,63,0,0,0,0
8870.49,5,19,0,0,176,6,0,0,0,0
2900.82,3,14,0,1,235,20,1,0,0,0
5211.07,10,15,0,0,69,3,1,0,0,0
8313.12,4,16,1,0,333,18,1,0,0,0
3263.82,8,4,0,0,259,11,0,1,0,0
7021.8,5,2,0,0,358,19,1,0,1,0
2294.05,3,17,0,0,320,15,0,0,0,0
3093.15,10,0,0,0,1208,72,0,0,0,0
3035.9,5,17,0,0,471,25,1,1,0,0
1345.01,5,3,0,0,581,21,2,0,0,0
7237.08,7,6,0,0,366,18,1,0,0,0
2781.09,6,16,0,0,408,27,0,0,0,0
4502.98,8,14,0,1,356,25,1,0,1,0
7192.16,5,18,0,0,361,22,1,0,0,0
6950.24,1,14,0,1,218,9,0,0,0,0
8650.61,2,1,0,0,571,34,1,0,0,0
4029.97,3,20,0,0,1258,62,0,0,0,0
2912.31,6,5,0,0,365,20,0,0,0,0
4106.32,5,3,0,0,158,10,1,0,0,1
822.76,3,21,0,0,661,30,0,0,0,0
1046.17,7,4,0,0,935,29,0,0,1,0
1184.77,9,12,0,1,228,11,1,0,0,0
1640.49,6,11,0,1,129,9,0,0,0,0
6632.75,6,18,0,0,530,24,0,0,0,0
1798.16,4,1,0,0,374,13,0,0,0,0
3046.77,5,2,0,0,498,22,1,0,1,0
16305.02,3,9,0,0,345,17,0,1,0,0
3114.23,1,11,0,0,293,20,1,0,0,0
9297.64,6,18,0,0,167,14,1,0,0,0
1748.27,6,14,1,0,454,26,0,1,0,0
3621.21,7,3,0,0,112,0,0,0,0,0
1719.83,5,23,0,0,569,21,1,0,0,0
3168.35,10,11,0,0,544,23,0,1,0,0
10304.21,7,23,0,0,442,27,1,0,0,0
790.51,5,23,0,0,774,39,0,0,0,0
6866.6,4,1,0,1,274,14,1,0,0,0
5640.54,5,12,0,1,267,10,1,1,0,0
2454.92,6,10,0,1,252,13,0,1,1,0
1047.27,7,11,0,0,386,17,0,0,0,0
4779.68,4,7,0,0,312,15,0,0,0,0
2618.89,8,13,0,0,245,11,2,0,0,0
5612.08,4,11,0,0,261,9,0,0,0,0
4545.31,2,4,0,0,428,21,1,0,0,0
22065.68,5,6,0,0,725,38,0,0,0,0
3500.44,5,3,0,0,214,7,0,0,0,0
1597.99,3,20,0,0,39,9,0,0,0,0
5320.25,8,16,0,0,522,34,0,1,0,0
5541.37,4,9,0,1,158,8,0,0,0,0
17312.56,5,9,0,0,723,31,0,0,0,0
10250.8,5,1,0,0,583,24,1,0,0,0
6354.2,4,6,0,0,618,30,0,0,0,0
19212.24,5,22,0,0,357,15,0,1,0,0
1354.57,4,0,0,0,699,34,1,1,0,0
2345.49,11,3,0,1,451,28,0,0,0,0
1760.62,3,20,0,0,426,16,0,0,0,0
3011.49,8,12,1,0,377,11,1,0,0,0
1122.5,4,0,0,0,484,24,0,0,0,0
8392.98,5,11,0,0,96,4,1,0,0,0
3560.93,7,17,0,0,243,12,0,0,1,0
1021.67,7,8,0,0,243,17,0,0,0,0
1610.69,9,9,0,0,319,8,1,0,0,0
6084.59,4,15,0,0,152,6,0,0,0,0
10281.76,5,14,0,0,206,11,0,0,0,0
32752.38,10,21,0,1,120,8,1,0,0,0
81949.83,4,5,0,1,204,9,0,0,1,1
6730.53,5,6,0,0,173,5,1,0,0,0
1653.19,3,3,0,0,200,16,1,1,0,0
527.4,3,15,0,0,592,43,2,0,0,0
5812.18,6,12,0,1,326,17,0,0,0,0
1972.5,4,8,0,0,287,13,0,0,0,0
2935.53,5,16,1,1,770,35,0,0,0,0
2411.26,5,9,0,0,433,22,1,0,1,0
3863.04,7,4,0,0,457,27,0,0,0,0
12912.88,8,12,0,0,378,30,0,0,0,0
5203.3,6,10,0,1,601,36,1,0,0,0
3794.72,6,9,0,0,663,31,0,1,1,0
1578.68,2,10,0,0,421,17,0,0,0,0
833.24,4,21,0,0,596,32,0,1,0,0
2734.47,2,5,1,0,484,21,0,0,0,0
4214.21,9,6,0,0,432,16,0,0,0,0
26054.09,5,13,1,0,269,12,0,0,0,1
5065.84,1,1,0,0,196,4,1,0,0,0
11881.52,4,3,0,0,98,7,0,0,0,0
2699.18,9,13,0,0,908,41,0,0,0,0
1359.75,5,12,0,1,600,26,1,0,0,0
1694.06,6,15,0,0,249,13,0,0,0,0
2153.34,1,2,1,0,82,5,0,0,0,0
37364.25,4,20,0,0,486,17,1,0,0,0
1955.91,7,11,0,0,276,11,0,0,0,0
10285.49,7,3,0,1,621,35,0,0,0,1
1802.76,6,7,0,0,163,6,2,0,0,0
11288.88,6,5,0,0,242,10,0,0,0,0
6535.15,6,10,0,1,297,16,0,0,1,1
3802.3,6,11,0,0,531,24,0,1,0,0
4269.44,6,10,1,0,209,8,2,0,0,1
2310.48,8,11,0,0,490,21,1,1,0,0
6947.05,2,21,0,1,103,1,1,0,0,0
2821.48,11,23,0,1,328,20,1,0,0,0
1305.57,2,11,0,1,832,43,1,0,0,0
1239.0,7,23,0,0,1060,53,1,0,0,0
5284.79,8,19,0,0,689,46,0,0,0,0
21570.7,9,19,0,0,80,4,0,0,0,0
5218.64,10,5,0,0,306,12,0,0,0,0
3949.57,6,10,0,0,335,10,0,0,0,0
5918.43,1,8,0,1,633,26,1,0,0,0
16415.84,6,2,0,0,372,16,0,0,1,0
5537.97,5,1,0,0,155,14,0,0,0,0
2948.56,7,14,1,0,696,28,1,0,0,0
13444.01,7,10,0,0,977,39,1,0,0,0
6827.79,7,19,0,1,571,29,0,0,0,0
20655.89,2,16,0,0,202,9,0,1,0,1
5341.35,5,2,1,0,1123,54,1,0,0,0
1307.05,5,20,0,0,605,22,2,0,0,0
1132.11,5,11,0,0,541,28,0,1,0,0
23177.28,8,13,0,0,950,37,1,0,0,0
24925.98,5,23,0,0,616,41,0,0,0,0
3716.29,3,15,0,0,314,10,0,0,0,0
3031.5,7,0,0,0,875,36,0,0,0,0
19176.57,5,4,0,0,168,10,0,0,1,0
1469.91,5,10,0,0,195,5,1,0,0,0
1817.6,5,0,0,0,232,12,0,0,1,1
8461.88,5,4,0,0,380,15,0,0,0,0
2997.08,5,19,0,0,420,18,0,0,0,0
4424.35,12,3,1,0,299,12,0,0,0,0
3776.52,5,4,0,0,311,19,0,0,0,0
6232.76,1,12,0,0,435,23,1,0,0,0
18169.18,7,2,0,0,169,11,0,0,1,0
4868.71,6,6,0,0,511,21,1,0,0,0
8467.06,7,22,0,0,35,2,1,0,0,0
572.39,9,15,0,0,346,26,0,0,0,0
4235.61,7,23,0,0,231,13,0,0,0,0
1913.65,6,8,0,1,1094,50,0,0,0,0
1314.47,6,14,0,0,282,9,0,0,0,0
1847.98,8,5,0,1,382,21,0,0,0,0
3183.95,6,9,0,0,293,16,1,0,0,0
11113.35,8,4,0,0,144,2,1,1,0,0
1180.4,7,19,0,0,139,7,0,0,0,0
4585.39,8,4,0,1,119,12,1,0,0,0
2740.32,7,4,0,0,342,17,0,0,0,0
3204.55,10,11,0,0,274,14,0,0,0,0
12121.76,5,10,0,1,78,3,1,0,0,0
7616.83,8,7,0,1,1003,45,1,1,0,0
16939.41,9,8,0,0,542,25,1,0,0,0
3810.42,6,7,0,0,387,13,0,0,0,0
2217.33,8,21,0,0,51,2,2,0,0,0
3555.11,2,13,0,0,456,32,0,0,0,0
5667.46,6,22,0,0,372,23,0,0,0,0
5305.89,9,23,0,0,616,26,3,0,0,0
1503.59,7,15,0,0,198,12,0,0,0,0
4868.25,8,19,1,0,242,11,0,0,0,0
5587.17,10,2,0,0,413,23,1,0,0,0
55131.36,4,22,0,1,235,13,1,0,0,0
29052.06,3,11,0,0,452,15,0,0,0,0
1894.59,8,17,0,0,141,4,0,0,0,0
3336.3,9,5,0,0,323,20,0,0,0,0
1029.22,6,2,0,0,200,9,0,0,1,0
2463.39,4,21,0,0,596,26,1,0,0,0
6097.32,9,10,0,0,1161,55,0,0,0,0
14851.46,6,3,0,0,982,59,0,0,0,0
2145.05,6,15,0,0,69,4,0,1,0,0
2311.97,9,1,0,0,479,28,0,0,0,0
519.42,4,10,0,0,198,7,0,0,0,0
3779.45,7,16,0,0,137,6,0,0,0,0
1537.0,5,17,0,0,470,16,0,0,0,0
2619.03,7,10,0,0,137,5,0,0,1,0
1850.37,6,8,0,0,722,35,1,0,0,0
4047.03,7,20,0,0,477,21,1,0,0,0
766.83,4,4,0,0,627,34,1,0,0,0
1025.52,3,1,0,0,414,22,0,0,0,0
37393.31,8,3,0,0,123,8,0,0,0,0
1227.31,10,19,0,0,266,15,0,0,0,0
1485.07,6,11,0,0,806,34,0,0,0,0
27914.83,1,0,0,0,314,13,1,0,1,0
81232.21,8,4,0,1,298,14,0,0,0,1
1378.06,8,0,0,0,863,49,0,0,0,0
3077.13,5,19,0,0,404,17,0,0,0,0
6257.62,6,11,0,0,751,33,1,0,0,0
25051.72,3,1,0,0,318,14,0,1,0,0
1657.63,4,5,0,0,164,8,0,0,0,0
3479.77,11,14,0,0,42,2,0,0,0,0
9675.36,8,14,1,0,313,15,0,0,0,0
6868.95,6,19,0,0,373,20,1,0,1,0
3052.89,13,0,0,0,704,45,1,0,0,0
3890.05,11,1,0,1,5,1,0,0,0,1
1124.51,10,0,0,1,507,22,0,0,0,1
3504.58,6,9,0,0,350,19,0,1,0,0
3407.09,3,17,0,0,305,17,0,0,0,0
5609.24,7,15,0,0,1126,64,0,0,0,0
2552.1,9,5,0,0,479,28,0,0,0,0
7126.24,11,15,0,0,885,40,1,0,0,0
12243.08,10,15,1,0,193,17,0,0,0,0
5194.88,5,4,0,0,257,9,0,0,0,0
6321.78,12,17,0,0,708,40,0,0,0,0
4689.85,6,10,0,0,171,9,0,0,0,0
4447.44,6,1,0,1,179,7,2,0,0,1
2161.25,5,9,0,1,153,5,1,0,0,0
6102.75,7,18,1,0,230,9,0,0,0,0
4034.81,6,16,0,1,416,22,0,0,1,0
36068.25,11,6,0,0,504,30,0,0,0,0
21447.32,4,18,0,0,390,18,0,0,0,0
6541.01,3,9,0,0,273,19,1,0,0,0
2073.4,7,11,0,0,360,19,0,0,0,0
1462.04,5,2,0,0,891,53,0,0,0,0
14634.59,8,23,0,0,352,11,1,0,0,0
5783.41,4,20,0,0,258,11,1,0,1,0
7187.82,4,4,0,1,33,2,0,0,0,0
776.98,10,13,0,0,329,26,0,0,0,0
11242.3,3,18,0,1,688,43,1,0,0,0
7005.29,3,12,0,0,76,5,0,0,0,0
1464.94,3,5,0,0,120,7,1,1,0,0
2775.19,6,23,0,0,236,12,0,0,0,0
5789.01,6,6,0,0,210,11,2,0,0,0
4686.62,9,8,0,0,376,18,0,0,1,0
3320.36,2,8,0,0,1052,54,0,0,0,0
4009.86,5,21,0,0,145,5,1,0,0,0
3456.54,7,12,0,0,207,12,0,0,0,0
5180.01,3,17,0,0,309,16,1,0,1,0
19370.22,3,21,0,0,194,6,0,1,0,0
341.5,7,22,0,0,374,11,0,0,0,0
3509.22,2,20,0,0,492,20,0,0,0,0
5305.57,7,21,0,0,211,10,0,0,0,1
5978.91,6,22,0,0,620,30,0,0,0,0
3065.87,8,23,0,0,263,19,1,0,0,0
767.61,6,15,0,0,192,11,0,0,1,0
6173.34,6,3,0,0,95,5,1,0,0,0
25017.98,3,2,0,0,527,26,1,0,1,0
959.24,6,19,0,0,424,29,0,0,0,0
10549.44,4,7,0,1,138,7,0,0,0,0
3201.82,4,19,0,0,174,12,0,0,0,0
4182.55,3,22,0,0,400,18,0,0,0,0
1551.69,4,15,0,0,504,28,1,0,0,0
3182.89,8,18,0,1,435,25,1,0,0,0
16318.33,15,6,0,0,525,22,0,0,0,0
7963.75,5,10,0,0,1265,68,1,0,0,0
25142.42,2,23,0,0,627,35,0,0,0,0
14435.01,6,19,1,0,537,23,0,0,0,0
6898.69,7,4,0,0,227,11,1,0,0,0
25436.35,2,22,0,0,126,4,0,0,0,0
6898.04,5,11,0,1,807,45,1,0,1,0
10178.04,5,20,0,1,236,12,1,0,0,0
3305.78,4,12,0,0,464,24,0,0,0,0
4753.07,5,14,0,0,91,4,0,0,0,0
2214.04,7,3,0,0,60,0,0,0,0,0
11963.12,7,8,0,0,624,35,1,0,0,0
1368.81,5,17,0,0,189,10,0,0,0,0
9723.98,5,20,0,0,461,26,0,0,0,0
3675.15,6,2,0,0,190,12,0,1,0,0
14346.3,9,1,0,1,497,22,0,0,0,0
9422.62,6,16,0,0,323,20,0,0,0,0
27464.41,10,10,0,1,282,16,2,0,0,0
9235.17,5,20,0,0,431,21,2,0,0,0
923.31,3,1,0,0,480,13,0,0,0,0
4159.07,9,8,0,0,204,15,0,0,0,0
1377.45,3,0,1,0,464,14,0,0,0,0
2648.42,7,17,0,1,489,22,0,0,0,0
20155.42,3,20,1,0,616,19,0,0,0,0
8413.0,2,3,0,0,752,38,0,0,0,0
2210.71,9,7,0,0,333,18,1,0,0,0
1613.7,2,20,0,0,192,13,0,0,0,0
4595.27,1,0,0,0,156,9,0,0,0,0
1317.43,8,22,0,1,216,14,0,0,0,1
2273.01,6,21,0,0,230,13,1,0,0,0
6075.44,3,3,0,0,259,13,0,0,0,0
14119.5,4,3,0,0,326,17,1,0,0,0
8174.39,6,16,0,0,382,28,1,0,0,1
449.76,6,0,0,1,398,24,0,0,0,0
6029.18,6,12,0,0,560,20,0,1,0,0
4779.22,4,1,0,0,803,46,0,0,1,0
6727.04,5,12,0,0,401,18,0,0,0,0
22386.42,4,8,0,0,230,12,0,0,0,0
564.96,7,16,0,0,553,24,1,0,0,0
2462.41,6,21,0,0,530,20,1,0,0,0
8029.73,7,11,1,0,213,13,0,0,1,0
914.53,5,15,0,0,536,20,0,0,0,0
19456.74,9,14,0,0,22,1,0,1,0,0
6427.6,10,23,0,0,155,10,0,0,0,0
10369.08,3,5,0,0,127,4,0,0,0,0
2512.56,7,5,0,0,163,4,1,0,0,0
10034.29,5,9,0,1,561,37,0,0,0,0
12945.09,3,17,0,0,279,13,1,0,0,0
5613.21,5,20,0,0,607,36,0,0,0,0
5621.76,5,6,0,0,850,33,1,1,0,0
5827.5,8,2,0,0,822,44,0,0,0,0
1875.55,6,14,0,0,207,4,0,0,0,0
3837.1,7,14,0,0,288,20,0,0,0,0
3817.98,8,8,0,0,333,11,0,0,0,0
6524.98,7,4,0,0,930,64,0,0,0,0
12086.26,11,20,0,0,204,11,0,0,0,0
1542.97,6,20,0,1,674,33,0,0,0,0
3924.49,9,17,1,0,461,23,0,0,0,0
19564.18,8,13,0,0,33,2,0,0,0,0
2114.16,5,6,0,0,272,18,0,0,0,0
1954.23,4,9,0,1,147,14,0,0,0,0
5444.2,8,1,0,0,264,14,1,0,0,0
10346.31,4,5,0,0,35,3,0,0,0,0
4498.17,7,10,0,0,968,47,0,0,0,0
16797.08,12,10,1,0,245,14,1,0,0,0
10475.49,5,1,0,0,266,12,1,0,0,0
10319.8,9,22,0,0,908,49,0,0,1,0
7739.69,5,6,1,1,108,12,0,0,0,0
45599.55,5,12,0,0,474,25,0,0,0,0
3622.21,1,11,0,0,187,9,2,0,0,0
599.73,5,11,0,0,62,3,0,1,0,0
22120.37,3,20,0,1,516,26,0,0,0,0
2813.83,6,17,0,1,767,32,1,0,0,0
4953.65,7,20,0,0,318,22,1,0,0,0
16474.2,13,9,0,1,570,32,0,0,0,0
895.82,5,6,0,0,203,11,1,0,0,0
1272.01,6,10,0,0,485,24,0,0,1,0
896.7,2,13,0,1,341,14,0,0,0,0
2009.95,7,8,0,0,223,11,1,0,0,0
6902.48,9,11,0,0,141,5,1,0,0,0
7511.48,5,3,0,1,757,42,0,0,0,0
5862.16,10,14,0,0,351,16,1,0,0,0
1082.72,3,17,0,0,252,20,0,0,0,0
441.38,2,12,0,1,278,13,0,1,0,0
4695.47,4,20,0,1,496,35,0,0,0,0
2774.49,8,23,0,0,558,23,0,0,0,0
7040.16,3,21,0,1,343,13,0,0,0,0
8972.81,4,2,0,0,467,22,0,0,0,0
5106.36,5,21,0,1,264,11,2,0,0,0
9510.32,10,8,0,0,290,12,0,0,1,0
5592.67,12,10,0,0,521,26,0,0,0,0
7555.75,12,9,0,0,257,6,0,0,0,0
2198.05,5,6,0,0,132,5,0,0,0,0
3715.95,6,21,1,0,503,36,0,1,0,0
5414.18,8,15,0,0,443,33,1,0,0,0
10102.4,5,23,1,0,622,23,0,0,0,0
2999.67,6,22,1,0,498,25,1,1,0,1
7488.83,3,10,0,0,434,30,2,0,0,0
3408.96,5,17,0,0,115,10,0,0,0,0
3953.9,6,12,0,0,336,22,0,0,0,0
10193.64,4,11,0,0,231,11,0,0,0,0
606.04,7,17,0,0,495,21,0,0,0,0
1216.25,6,16,0,0,967,41,0,0,0,0
1010.11,3,21,1,0,551,32,0,0,0,0
431.12,7,18,0,0,108,3,3,0,0,0
2256.87,9,14,0,0,417,20,0,0,0,0
9409.11,6,22,0,0,233,20,0,0,0,0
3344.65,5,2,0,0,531,22,0,0,0,0
5419.67,5,18,0,0,590,37,1,0,0,0
13216.45,7,9,0,1,329,20,0,0,0,0
16775.69,7,10,0,0,259,9,1,0,1,0
4149.99,4,18,0,1,433,15,1,0,1,0
17215.85,9,6,0,0,212,7,4,0,0,0
4876.23,6,21,0,0,602,32,1,1,0,0
1924.85,5,11,0,1,500,27,0,0,0,0
2454.31,5,8,0,0,251,9,0,0,0,0
1011.78,6,7,0,1,148,6,0,0,0,0
1829.62,6,10,0,0,403,21,0,0,0,0
3108.77,5,22,0,0,676,49,0,0,0,0
9932.67,8,2,0,0,574,33,0,0,0,0
24853.9,11,12,0,0,130,2,0,0,0,0
1116.35,4,20,0,0,466,24,0,0,0,0
6586.83,6,11,0,0,500,35,0,0,0,0
1570.98,4,13,1,0,293,11,0,0,0,0
7148.78,4,8,0,0,352,10,0,1,0,0
3900.71,9,3,0,0,555,35,1,0,0,0
712.72,9,15,0,0,379,20,1,0,0,0
11251.95,1,22,1,0,51,4,0,0,0,0
2428.43,3,12,0,0,182,6,0,0,0,0
2607.38,3,10,1,0,247,12,1,0,0,0
1525.76,9,3,0,0,186,6,0,0,0,0
2311.65,5,22,0,0,599,26,0,0,0,0
6821.88,7,20,0,1,454,29,0,1,0,0
3680.32,6,21,0,0,114,8,0,0,0,0
6177.46,6,8,0,0,448,25,0,0,0,0
6386.37,12,15,0,0,630,26,0,0,0,0
16658.26,4,10,0,0,294,10,2,0,0,0
3156.48,2,5,0,0,428,24,0,0,0,0
1015.51,3,4,0,0,367,24,2,0,0,0
12928.93,6,9,0,0,141,7,1,0,0,0
3192.35,3,13,0,0,449,23,0,0,0,0
13556.11,5,2,0,1,228,15,1,1,0,0
6524.88,7,16,0,0,837,44,0,0,0,0
3900.51,8,10,0,0,133,11,0,0,0,0
6302.97,6,21,0,0,339,21,0,0,0,0
31288.71,6,6,0,0,653,30,0,0,0,0
35489.09,8,1,0,1,251,16,0,0,0,1
4766.56,7,7,0,1,443,23,0,0,0,0
5219.68,4,23,0,0,1932,116,0,0,0,0
13046.04,5,7,0,0,623,34,1,0,0,0
1909.01,7,16,0,0,459,23,0,0,1,0
6204.75,6,20,0,1,572,30,0,0,0,0
4333.53,8,6,0,0,475,24,0,0,1,0
6086.99,7,15,0,0,175,11,2,1,0,0
1932.62,5,4,0,0,434,21,0,0,0,0
907.26,1,8,0,0,1216,73,0,0,0,0
559.48,5,7,0,0,745,40,0,0,0,0
1454.79,7,16,0,0,279,13,0,0,1,0
2811.08,5,21,0,0,303,20,0,0,0,0
3316.97,4,6,0,0,1269,65,0,0,0,0
30860.46,11,6,0,1,339,15,0,0,0,0
13440.04,5,19,0,0,254,12,0,0,0,0
1699.19,5,11,0,0,180,7,1,1,1,0
6296.24,5,12,0,0,388,21,1,0,0,0
2959.93,6,16,0,0,242,12,0,0,0,0
3346.39,4,3,0,1,376,21,1,0,0,0
5352.54,7,20,0,0,450,19,0,1,0,0
8259.93,9,8,0,0,805,42,1,0,0,0
3167.64,4,15,0,0,299,15,0,0,0,0
12885.42,4,10,0,0,49,4,1,0,1,0
1419.5,3,18,0,0,288,15,0,0,0,0
4475.35,10,14,0,0,291,14,2,0,0,0
59735.02,5,4,0,0,274,13,0,0,0,0
5558.48,8,4,0,0,329,21,1,0,0,0
18642.79,5,21,0,0,70,4,2,0,1,0
4873.27,4,12,0,0,138,9,0,0,0,0
7948.81,6,6,0,1,265,16,0,0,0,0
4201.58,5,3,0,0,622,38,1,0,0,0
3750.3,3,3,0,1,345,15,1,0,0,0
2039.62,5,22,0,0,501,26,0,0,0,0
6838.35,8,23,1,0,122,8,0,0,0,0
1897.82,5,9,0,1,197,8,1,0,0,0
8652.34,7,4,0,1,12,0,1,0,0,1
13164.6,7,10,0,0,60,0,0,0,0,0
6415.88,8,3,0,0,1145,66,0,0,0,0
3340.08,6,13,0,0,115,6,0,0,0,0
7002.1,5,15,0,0,161,11,0,0,0,0
3266.02,12,23,0,0,192,10,1,0,0,0
11333.83,9,7,0,0,931,51,0,0,0,0
712.37,4,4,0,1,119,5,0,0,0,0
3179.22,12,3,0,0,312,19,1,0,1,0
607.4,6,9,0,0,204,12,0,0,0,0
997.19,4,14,0,0,241,10,0,0,0,0
17393.68,6,1,0,0,95,7,1,0,0,1
10885.48,5,18,1,0,209,8,0,0,0,0
2165.75,7,11,0,0,525,37,0,0,1,1
989.79,5,19,0,0,309,19,0,0,0,0
229.4,7,11,0,0,439,24,0,1,0,0
2582.48,4,3,0,0,131,8,0,0,0,0
50031.85,3,0,0,1,569,31,0,0,0,0
6869.76,4,13,0,0,325,15,0,0,0,0
2541.29,11,12,0,1,245,13,0,1,0,0
7080.36,7,19,0,0,272,10,0,0,0,0
933.59,5,21,0,0,357,27,1,0,0,0
3303.3,6,3,0,0,346,15,0,0,0,0
4912.2,2,7,0,0,805,39,0,0,0,0
4080.19,6,4,0,0,367,21,0,0,0,0
9806.55,9,2,0,0,357,19,1,0,0,0
6276.99,5,0,0,0,299,12,0,0,0,0
8676.09,5,1,0,0,411,30,0,0,0,0
2234.18,8,12,0,0,607,34,0,0,0,0
10914.15,4,3,0,1,59,1,0,0,0,0
22673.16,5,4,0,0,52,4,0,0,1,0
1685.56,3,2,0,1,291,18,0,0,0,0
1830.43,7,17,0,0,182,10,0,0,1,0
16912.1,7,15,0,1,343,18,0,0,0,0
3672.6,5,23,0,0,349,19,1,0,0,0
18102.79,5,2,0,1,287,13,1,1,1,1
2856.82,7,5,0,0,718,32,0,0,0,0
19054.25,6,10,0,0,167,6,0,0,1,0
5071.98,6,15,0,0,197,11,0,0,0,0
5757.33,4,3,0,1,856,43,0,0,0,0
21262.88,4,5,0,0,115,1,0,0,0,0
3097.12,7,10,0,0,273,8,0,1,0,0
1735.2,6,0,0,0,252,11,1,0,0,0
2839.65,4,9,1,0,461,24,1,1,0,1
6990.69,8,18,0,0,314,25,0,0,0,0
929.12,4,12,0,0,100,4,0,0,0,0
8412.47,4,10,0,0,223,16,0,0,0,0
2594.71,5,11,0,0,202,12,0,0,0,0
14014.01,10,22,0,0,522,24,0,0,0,0
405.75,8,12,1,0,853,53,0,1,0,0
2025.22,6,12,0,0,718,34,0,0,1,1
823.47,7,22,0,0,306,7,0,0,0,0
1946.47,7,3,0,0,631,34,0,0,0,0
5696.83,3,2,0,0,638,36,1,0,0,0
3717.38,8,10,0,0,974,39,0,0,0,0
3451.7,8,7,0,0,6,1,0,0,0,0
3792.63,5,4,0,0,242,21,0,0,0,0
5450.09,7,2,0,0,505,31,0,0,0,0
1622.08,6,21,0,1,188,8,0,0,0,1
9016.84,5,14,0,0,104,3,0,0,0,0
8627.12,5,16,0,1,128,3,0,0,0,0
6535.72,6,2,0,0,423,15,0,0,0,0
7758.42,5,8,0,0,202,11,0,0,0,0
5981.45,10,14,0,0,130,14,1,0,0,0
34032.57,9,12,0,0,868,56,0,0,0,0
4076.14,6,16,1,0,417,15,0,0,0,0
3271.22,3,16,0,0,779,43,2,0,0,0
2093.25,4,9,0,1,247,7,0,1,0,1
1584.05,3,18,0,0,580,29,1,0,1,0
1281.17,7,6,0,1,152,9,0,0,1,1
1828.41,7,1,0,1,202,11,1,0,0,0
4143.6,5,21,0,0,240,9,0,0,0,0
6212.35,8,0,0,1,205,12,0,0,0,0
4680.41,5,6,0,0,122,6,0,0,0,0
2068.26,2,2,0,0,217,9,0,0,0,0
10940.04,11,5,0,0,84,8,0,0,0,0
9315.29,8,9,0,0,342,21,1,0,0,0
3790.87,4,3,0,0,679,29,1,0,0,0
2314.81,8,11,0,0,184,9,2,0,0,0
7695.78,2,22,0,0,286,16,0,0,0,0
5366.73,5,3,0,0,638,33,0,0,0,0
1045.11,8,22,0,0,882,45,0,0,0,0
4154.8,6,9,0,0,605,26,0,0,0,0
5779.29,6,14,0,0,349,16,0,0,0,0
1808.59,3,10,0,0,470,25,2,0,1,0
5376.77,9,7,0,0,501,24,0,0,0,0
1038.13,4,2,0,0,476,16,0,0,0,0
16918.89,5,14,0,0,201,11,0,0,0,0
15490.0,6,21,0,0,558,27,1,0,0,0
3454.67,4,12,0,0,671,32,0,0,0,0
6396.17,6,14,1,0,32,1,0,0,0,0
399.45,2,15,0,0,241,14,0,0,0,0
1399.19,7,9,0,0,443,27,0,0,0,0
3315.03,4,2,0,0,380,27,0,0,0,0
1522.13,9,12,0,1,449,23,0,1,0,0
9085.15,9,20,0,0,138,12,0,0,0,0
32770.91,6,7,0,0,30,1,0,0,0,0
1371.12,7,20,0,1,360,20,1,0,0,0
1924.72,3,20,0,0,305,16,0,0,0,0
5627.66,8,5,0,0,662,21,0,0,0,0
22272.68,3,13,0,0,447,26,0,0,0,0
1309.79,4,17,0,0,33,3,0,1,0,0
5704.65,5,11,0,0,454,18,0,0,1,0
27482.34,8,16,0,0,793,41,0,0,0,0
852.56,7,21,0,0,646,28,1,0,0,0
1235.13,12,15,0,0,448,14,0,0,0,0
2911.41,10,20,0,1,220,12,0,0,0,0
2642.32,6,19,1,0,281,8,0,0,0,0
10022.63,6,19,0,0,275,16,0,0,0,0
5662.72,4,20,0,0,503,25,1,0,0,0
753.73,5,5,0,0,481,24,0,0,0,0
7445.84,5,0,0,0,341,17,1,0,0,0
2496.04,4,3,1,0,614,34,0,0,0,0
15905.93,2,5,0,0,182,5,0,0,0,0
2374.19,12,16,0,0,581,29,0,0,0,0
2352.85,3,12,0,0,893,35,0,1,0,0
7639.84,6,11,0,1,738,28,0,0,0,0
9536.93,3,0,0,0,584,30,0,1,0,0
6961.15,9,16,0,0,215,14,0,0,0,0
824.19,3,8,0,0,406,14,0,0,0,0
7616.21,7,18,0,1,497,20,0,0,0,0
1580.81,5,2,0,0,392,19,0,0,1,0
5626.69,5,7,0,0,495,25,2,0,0,0
1070.91,5,1,0,0,1060,47,0,0,0,0
6948.79,5,6,0,0,722,44,0,1,0,0
1985.05,9,22,0,0,949,50,0,0,1,0
1233.2,9,11,0,0,698,24,0,0,0,0
9079.92,5,10,0,0,284,16,0,0,0,0
5662.63,4,6,1,1,149,11,1,1,0,0
2406.73,6,6,0,0,278,12,0,0,1,0
18980.72,6,16,0,1,379,22,0,0,0,0
2862.2,4,23,0,0,670,41,0,0,0,0
4592.17,4,17,0,0,595,23,0,0,0,0
5819.17,8,17,0,1,180,12,1,0,0,0
2393.07,5,11,0,0,399,21,2,0,0,0
7123.37,8,2,1,0,795,48,1,0,0,0
2608.54,5,17,0,1,186,8,0,0,0,0
2946.47,4,19,0,0,315,20,0,0,0,0
17372.48,7,12,0,0,270,17,1,0,0,0
1570.92,6,2,0,0,627,26,0,0,0,0
398.31,3,17,0,1,974,41,0,0,0,0
22268.69,6,22,1,0,257,13,0,0,0,0
56915.78,7,5,0,0,214,10,0,0,0,0
2965.29,5,3,1,0,119,8,0,0,0,0
641.08,3,17,0,1,365,20,1,0,0,1
3260.11,7,7,0,0,652,32,0,0,0,0
3340.17,6,17,0,0,79,4,1,0,1,0
3677.82,6,16,0,0,330,16,0,0,0,0
1460.61,9,6,0,0,448,16,1,0,0,0
7939.15,7,1,0,0,595,30,0,0,0,0
7513.88,7,13,0,0,431,23,1,0,0,0
997.84,3,9,0,0,141,5,0,0,0,0
8948.1,4,20,0,0,222,9,0,0,0,0
34637.25,6,8,0,0,849,41,0,0,0,0
5281.47,4,5,0,0,539,29,0,0,0,0
3173.77,7,20,0,1,254,13,1,0,0,0
3858.36,5,17,0,1,326,13,0,1,0,1
8227.66,1,14,0,0,164,9,0,0,1,0
787.87,5,22,0,0,69,2,0,0,0,0
5241.65,7,18,0,0,345,17,0,0,0,0
3009.52,5,20,0,0,208,10,0,0,0,0
28221.09,7,19,0,0,458,31,1,0,0,0
3736.21,10,9,0,0,1118,58,0,0,0,0
23573.72,3,1,0,0,439,21,0,0,0,0
1474.77,3,14,1,0,439,23,1,1,0,0
8000.5,5,18,0,0,646,41,1,0,0,0
6120.51,4,23,1,0,117,8,0,1,0,0
1864.88,3,16,0,0,497,22,0,0,0,0
5310.26,4,13,0,0,160,12,0,0,0,0
14950.78,5,13,0,0,637,29,0,0,0,0
3217.01,7,2,1,0,438,30,0,0,0,0
818.96,7,0,0,0,129,7,0,0,0,0
4369.65,5,1,0,0,443,16,1,1,0,0
1803.67,14,21,0,1,102,3,0,0,0,0
3157.89,6,18,0,0,125,5,0,0,0,0
4098.65,7,6,0,0,94,6,0,0,0,0
807.83,8,10,0,0,665,36,0,0,0,0
883.9,8,11,0,0,470,23,1,0,0,0
7201.66,6,5,1,1,381,26,1,0,0,0
2636.69,6,10,0,0,177,9,0,0,0,0
342.15,3,8,0,0,502,32,0,0,0,0
9748.26,6,16,1,0,389,28,1,0,0,0
5839.32,4,18,0,0,234,8,1,0,0,0
2177.92,13,2,1,0,414,22,0,0,0,0
1191.74,4,11,0,0,473,23,0,0,0,0
10257.95,5,23,0,0,138,6,0,0,0,0
6306.59,7,20,0,0,782,41,0,0,0,0
48175.33,6,19,0,1,311,17,0,0,0,0
6769.54,6,17,0,0,487,30,0,0,0,0
6553.16,7,0,0,0,294,17,0,0,0,0
3763.38,9,23,0,0,442,12,1,0,1,0
10064.56,5,17,1,0,261,12,0,0,1,1
8308.92,11,21,1,0,278,11,0,0,1,0
15548.59,6,21,0,0,257,13,0,0,1,0
2640.38,6,6,0,0,378,17,1,1,0,0
2877.26,3,0,1,0,554,15,0,0,0,0
2754.24,5,15,1,0,562,27,1,0,0,0
9806.51,9,11,1,0,541,31,0,0,0,0
19898.0,12,0,0,0,405,18,1,0,0,0
2810.62,4,6,0,0,237,15,0,0,0,0
2908.02,10,23,0,0,34,1,0,0,0,0
6088.01,9,8,1,0,547,28,0,0,0,0
3478.09,5,6,0,0,375,14,0,1,0,0
11522.46,8,15,0,0,213,7,0,0,0,0
467.89,7,15,0,0,308,11,0,0,0,0
1945.54,1,7,0,0,590,20,1,0,0,0
2033.64,5,20,0,1,145,8,0,0,0,0
436.87,6,13,0,0,810,39,0,0,1,0
1696.57,13,3,0,1,1197,61,1,0,0,0
1780.85,9,7,0,0,238,7,0,0,0,0
3636.93,9,20,0,0,262,11,1,0,0,0
13534.08,10,2,0,0,296,11,0,0,1,0
3480.53,6,0,0,0,230,13,1,0,0,0
1586.34,3,15,0,1,987,58,0,0,0,0
4200.86,11,10,0,0,295,17,0,0,0,0
12697.67,6,6,0,0,133,11,0,0,0,0
1675.79,5,11,0,0,392,16,0,0,0,0
1789.02,1,4,1,0,180,10,0,0,0,0
7774.07,6,8,0,0,105,7,1,1,0,0
3563.38,6,5,0,0,199,9,0,0,0,0
8497.14,10,14,0,0,215,13,1,0,0,0
4386.79,4,16,0,0,297,21,0,0,0,0
8970.2,8,21,0,0,76,5,0,0,0,0
1579.59,12,1,0,0,935,68,0,0,0,0
4393.65,10,7,0,0,427,15,0,0,0,0
3602.24,9,6,0,0,516,35,0,0,0,0
1318.31,8,13,0,0,366,15,1,1,0,0
931.24,8,12,0,0,711,27,0,0,0,0
8828.58,6,21,0,0,259,13,1,0,0,0
3130.81,8,22,0,0,364,13,0,0,0,0
1599.94,10,18,0,0,167,4,0,0,0,0
4039.28,6,4,0,1,313,13,0,0,1,0
13739.34,6,0,0,0,342,16,0,0,0,0
454.53,6,21,0,1,180,9,0,0,0,0
995.62,7,22,0,0,423,17,0,0,0,0
1767.13,4,6,0,0,448,19,0,0,0,1
19171.48,3,1,0,0,523,20,0,0,0,0
5899.29,4,16,1,0,442,24,1,0,0,0
9578.89,4,14,0,0,322,17,2,0,0,0
1422.03,2,21,0,0,588,22,0,0,0,0
1451.66,6,13,0,0,362,12,1,0,0,0
6959.16,13,18,0,0,57,4,0,0,0,0
4713.92,7,18,0,0,110,6,1,0,0,0
7698.18,6,0,0,0,164,10,0,0,0,0
3686.12,5,3,0,0,199,10,0,0,0,0
5873.13,10,18,0,0,424,17,0,0,0,0
5208.87,3,4,0,0,729,38,0,0,0,0
9679.52,9,4,0,0,476,19,0,0,0,0
9966.73,6,18,0,1,409,19,0,0,0,0
880.18,2,4,1,0,73,4,0,0,1,1
470.0,4,3,1,0,38,0,2,0,0,0
12109.5,6,0,0,0,796,38,1,0,1,0
14584.65,4,11,0,0,248,11,0,0,0,0
1602.59,7,15,0,0,430,27,0,0,0,0
692.4,5,17,0,0,465,30,0,0,0,0
4910.03,9,21,0,0,1162,61,0,0,0,0
11280.58,8,15,0,0,948,46,0,0,0,0
26838.55,4,18,0,0,1294,67,0,0,0,0
7452.45,6,5,0,0,520,18,0,0,0,0
3066.47,4,8,0,0,851,41,0,0,0,0
1820.51,10,7,0,0,139,13,2,0,0,0
4498.28,5,1,0,0,1177,61,0,0,1,0
3296.89,7,23,0,0,578,29,1,0,1,0
1611.52,4,5,0,0,279,12,0,0,0,0
34501.42,6,10,0,1,619,45,0,0,0,0
26507.11,5,8,0,0,735,33,0,0,0,0
13850.11,9,1,0,0,489,23,0,0,0,0
1770.73,5,21,0,0,22,2,0,0,0,0
10456.92,7,5,0,0,764,39,0,0,0,0
8430.63,3,2,0,1,327,13,0,0,0,0
6922.59,2,8,0,0,488,16,1,0,0,0
15516.59,8,3,0,0,160,7,0,0,0,0
8394.83,5,23,0,0,281,16,0,0,1,0
9320.9,10,4,0,0,243,18,0,0,0,0
8407.73,12,7,0,1,136,6,0,0,1,0
6252.84,4,6,1,0,57,2,0,0,0,0
747.24,9,0,0,0,288,21,0,0,0,0
4834.93,3,0,0,1,168,8,0,0,0,1
2549.9,11,12,0,0,398,17,0,0,0,0
1236.65,3,5,0,1,439,24,0,0,0,0
23904.37,2,2,1,0,959,53,0,0,0,1
25059.18,6,6,0,0,232,4,0,1,0,0
17313.13,9,6,0,0,739,22,1,0,0,0
5739.99,6,10,0,0,427,22,0,0,0,0
17164.96,3,23,0,0,476,29,0,0,0,0
4500.99,9,7,0,0,385,19,0,0,0,0
5446.87,8,16,0,0,662,35,1,1,0,0
1490.0,11,18,0,0,383,21,0,0,0,0
6614.31,4,1,0,0,376,21,0,0,0,0
4723.88,9,12,1,0,164,8,0,0,0,0
1208.76,5,10,0,0,187,11,1,0,0,0
4225.12,11,12,0,1,430,20,0,0,0,1
4106.27,7,4,0,0,262,15,0,0,0,0
26837.65,3,11,0,0,100,7,0,0,0,0
10874.91,8,2,0,0,243,8,0,0,0,0
4498.26,4,22,0,0,591,26,0,0,0,0
5703.23,5,14,0,0,401,18,1,0,0,0
4648.09,10,0,0,1,217,7,0,0,0,0
3630.36,8,12,0,0,337,23,0,0,0,0
1506.54,7,22,0,0,633,33,0,0,0,0
3823.6,2,17,0,0,161,5,4,1,0,0
2108.86,6,6,0,0,149,9,1,0,0,0
1273.7,4,21,0,1,392,27,0,0,0,0
7414.71,7,4,0,0,246,7,0,0,0,0
6576.54,5,5,0,0,392,17,0,0,0,0
744.93,10,3,0,0,352,16,0,0,0,0
3933.62,8,22,0,0,391,27,1,0,0,0
12036.53,6,17,0,0,982,53,1,0,0,0
12825.92,6,12,0,0,124,1,0,0,0,0
12404.78,6,16,0,0,535,28,0,1,0,0
4623.53,5,6,0,0,459,26,1,0,0,0
1910.18,9,1,0,0,518,27,0,0,0,0
1504.63,10,20,0,0,68,3,1,0,0,0
6276.73,6,23,0,0,571,31,0,0,0,0
6498.2,3,0,0,0,290,15,1,0,0,0
16112.19,2,1,0,0,380,17,1,0,0,0
13359.45,6,13,0,0,316,16,3,0,0,0
3896.26,8,1,0,0,178,5,0,0,0,1
1281.51,8,17,0,0,297,16,0,0,0,0
3232.12,4,22,0,0,351,23,0,0,0,0
5526.06,4,6,0,0,487,22,1,0,0,0
3633.37,8,7,0,1,435,15,0,1,0,1
2495.15,5,20,0,0,325,15,0,0,0,0
5726.64,2,8,0,0,362,16,1,1,0,0
2686.63,10,5,0,1,359,13,0,0,1,0
2373.06,3,2,0,0,479,14,1,0,0,0
6072.06,9,20,0,0,568,29,0,0,1,0
2975.02,4,22,1,0,605,22,0,0,0,0
5676.58,4,1,0,0,271,8,0,1,0,0
5844.19,5,19,0,0,289,11,0,0,0,0
1423.07,5,3,0,0,253,12,0,1,0,1
2748.36,7,3,0,0,353,13,0,0,0,0
18728.04,6,9,0,0,1154,60,1,0,0,0
1391.2,5,10,0,1,269,11,0,0,0,0
535.58,6,20,0,0,518,20,1,0,0,0
691.01,3,16,0,0,525,27,0,0,0,0
4578.42,9,3,0,0,446,19,1,0,0,0
4586.71,5,14,0,1,64,0,0,0,0,0
3953.63,11,21,0,0,331,21,0,0,1,0
14975.78,5,15,0,0,475,26,0,0,0,0
307.1,11,5,0,0,200,7,1,0,0,0
6607.32,7,3,0,0,77,6,0,1,0,0
21193.25,4,10,0,0,482,27,1,0,0,0
1439.74,6,11,0,0,584,31,3,0,1,0
3041.77,6,8,0,0,315,13,0,0,0,0
2094.58,12,2,0,0,238,10,0,1,1,0
1818.29,2,2,0,1,810,45,0,0,0,0
3209.07,6,12,0,0,597,25,0,0,0,0
18536.28,9,22,0,0,154,4,1,0,0,0
27928.05,10,14,0,0,385,19,0,0,0,0
3178.17,6,10,0,0,169,14,0,0,0,0
29883.45,8,22,0,0,276,18,0,0,0,0
4608.13,6,16,0,0,734,45,0,0,0,0
25685.73,7,17,0,0,738,40,0,0,0,0
4050.93,8,13,0,1,232,14,0,0,0,0
5069.81,7,18,0,0,507,33,0,0,0,0
6409.1,4,12,0,0,157,10,0,0,1,0
106815.0,7,14,1,0,1126,53,0,0,0,0
10417.95,6,14,0,0,76,4,0,0,0,0
2192.36,5,18,0,0,269,19,2,0,0,0
11719.36,6,21,0,0,506,23,0,0,0,0
3096.93,5,7,1,0,180,12,0,0,0,0
2725.07,8,16,1,0,155,2,1,0,0,0
11032.51,5,0,0,0,339,18,0,0,0,0
4587.48,5,12,0,0,215,14,0,0,0,0
5875.67,5,21,0,0,66,4,0,1,0,0
4509.7,8,15,0,0,338,10,1,0,0,0
6226.58,3,6,0,0,493,33,0,0,0,0
6801.96,6,14,0,1,299,10,1,0,0,0
641.0,4,8,0,0,332,14,0,0,0,0
8660.89,9,10,0,0,447,17,0,0,1,0
1665.67,5,5,0,1,933,48,1,0,0,0
1051.21,7,14,0,0,259,10,0,0,0,0
4194.75,7,4,0,0,426,17,0,0,0,0
4836.67,11,10,0,0,334,26,1,0,0,0
2222.74,4,22,0,0,147,10,0,1,0,0
10209.07,3,18,0,0,549,35,1,0,1,0
1161.92,4,9,0,0,787,29,0,0,0,0
2960.33,4,23,0,0,494,24,0,0,0,0
2477.8,2,0,0,0,47,2,0,0,0,0
4244.64,3,23,0,1,270,21,2,0,0,0
5877.37,11,8,0,0,492,25,0,0,0,0
1623.12,6,19,0,0,653,39,1,0,0,0
9175.41,5,22,0,0,95,3,0,0,1,0
4736.26,3,14,0,0,144,7,0,0,0,0
670.52,7,14,0,0,435,16,1,0,0,0
627.29,7,17,0,0,366,20,0,0,0,0
4392.62,5,5,0,0,339,20,0,0,0,0
3565.4,5,4,0,0,901,43,0,0,0,0
4010.13,2,8,0,0,956,42,0,1,0,0
4324.35,2,11,0,0,171,3,0,0,0,0
5572.28,7,17,1,0,73,2,0,0,0,1
11471.83,6,6,0,1,323,14,0,0,0,0
1463.95,5,13,0,0,541,26,1,0,0,0
1377.5,11,0,0,1,692,33,0,0,1,0
1490.22,6,0,0,0,262,19,1,0,0,0
5936.75,5,23,0,0,202,11,0,1,0,0
15443.56,5,20,0,0,452,20,1,0,0,0
2888.99,6,20,0,0,291,11,1,1,0,0
364.42,7,7,0,0,353,20,2,0,0,0
809.17,6,12,1,0,496,21,0,0,0,0
1933.26,8,16,0,0,305,8,0,0,0,0
2545.98,2,6,0,0,109,8,0,0,1,0
2956.06,3,17,0,0,206,10,0,0,0,0
4621.99,8,16,0,0,215,10,0,0,1,1
3256.0,8,9,0,1,216,9,1,0,0,0
12699.78,9,10,0,1,61,3,0,0,0,0
2261.95,9,7,0,0,1047,54,0,1,1,0
1877.47,3,19,0,0,143,11,2,0,0,0
7178.71,3,23,0,0,562,24,2,1,1,1
957.53,7,23,0,0,183,9,1,0,0,0
6566.21,3,18,0,0,260,13,1,0,0,0
4927.33,4,8,0,0,347,17,0,0,0,0
3837.43,7,18,1,0,225,19,0,0,0,0
21769.74,7,5,0,0,848,39,0,0,0,0
2387.0,5,21,1,0,1983,100,0,0,0,0
34901.96,7,6,0,0,68,7,0,1,0,0
3549.52,4,9,0,0,664,40,0,0,0,0
1240.14,8,2,0,0,386,19,0,0,0,0
4769.13,4,1,0,0,270,16,0,0,0,0
1515.89,7,9,0,0,594,33,0,0,1,0
2096.96,11,13,0,0,704,33,0,1,0,0
6614.59,4,0,0,0,323,20,0,0,0,0
7751.04,6,20,0,0,783,40,0,0,0,0
2387.09,7,2,0,0,53,2,1,0,0,0
11937.08,5,23,0,0,539,24,0,0,0,0
14150.54,4,6,0,0,354,21,3,0,0,0
18700.43,2,9,0,0,403,24,1,0,0,0
7550.83,4,3,0,1,655,24,0,0,0,0
17386.14,6,19,0,0,502,19,0,0,0,0
678.04,6,17,0,0,1064,52,1,0,0,0
3236.0,6,1,0,0,1180,51,0,0,0,1
1868.69,6,2,0,1,304,13,0,0,1,0
5010.17,7,14,1,0,126,12,1,0,0,0
2511.29,7,20,1,0,342,20,0,0,0,0
3766.28,2,2,0,0,170,15,0,0,0,1
29207.33,7,5,0,0,250,17,0,0,0,0
3752.89,4,13,0,0,377,21,0,0,0,0
6726.38,12,2,0,0,93,5,0,0,0,0
3525.33,5,7,0,0,484,20,0,0,0,0
4796.84,5,0,0,0,323,17,0,0,0,0
4473.9,3,11,0,0,196,8,0,0,0,0
6962.71,5,17,0,0,32,1,0,0,0,0
14261.34,6,9,0,0,641,46,1,0,0,0
23095.52,6,6,0,0,707,36,1,0,0,0
6060.94,3,10,0,0,659,31,0,0,0,0
8018.82,6,12,0,0,169,5,0,0,0,0
1406.89,8,3,0,1,455,25,0,1,0,0
4072.95,10,2,0,0,724,26,0,0,0,0
11387.7,7,4,0,1,426,24,0,1,0,1
10572.05,5,23,0,1,401,16,0,1,0,0
5495.09,6,17,0,0,978,45,1,0,0,0
10790.2,7,3,0,0,934,44,0,0,0,0
7264.59,2,7,0,0,250,15,0,0,0,0
14769.3,2,9,0,0,219,10,0,0,0,0
5939.37,4,4,0,0,185,9,0,0,0,0
3115.99,5,20,1,0,64,4,0,0,0,0
6221.97,2,22,0,0,846,42,1,0,0,0
237.32,10,5,1,0,422,20,0,0,0,0
6521.67,3,0,0,0,254,11,0,0,0,0
115.77,7,6,0,0,368,23,1,0,0,0
793.57,5,13,0,0,895,48,0,0,0,0
6986.73,5,19,0,0,98,7,1,0,0,0
7169.06,8,8,0,0,827,30,1,0,0,0
1390.71,6,6,0,0,345,23,0,0,0,0
2181.78,8,5,0,1,476,19,0,0,0,0
17510.24,7,0,0,0,494,26,0,1,0,0
2740.7,11,0,0,0,928,38,0,0,0,0
41894.94,4,10,1,0,178,12,1,0,0,0
4438.54,9,14,0,1,1319,72,0,0,0,0
6687.77,8,0,0,0,120,3,2,0,0,0
22401.3,7,4,0,0,206,9,0,0,0,0
5069.65,3,21,0,0,549,37,0,0,0,0
1632.15,3,23,0,0,858,35,0,1,0,0
3984.92,6,15,0,0,185,9,1,0,0,0
4291.49,5,12,0,0,106,2,1,0,0,0
1135.99,1,13,0,0,888,50,1,0,0,0
3443.24,8,8,0,0,259,15,1,0,0,0
2117.11,5,4,0,0,273,17,0,0,1,0
11207.72,8,9,0,0,384,18,1,0,0,0
4603.68,1,16,0,0,332,13,0,0,0,0
3351.64,6,15,1,0,561,33,1,0,0,0
3999.07,8,16,0,0,125,7,2,0,0,0
5558.71,5,14,0,0,94,3,2,0,0,0
8240.48,9,1,0,0,471,23,0,0,0,0
1636.46,4,15,1,0,490,21,1,0,0,0
1569.34,4,21,0,0,560,25,0,0,0,0
13422.39,6,15,0,0,539,26,0,0,1,0
2944.41,7,13,0,0,96,5,1,0,0,0
1078.32,7,5,0,0,534,22,0,0,0,0
6931.37,4,19,0,0,518,25,2,0,0,0
7068.26,15,10,0,0,111,5,0,0,1,0
962.26,6,6,0,0,705,31,2,1,0,1
5594.18,7,11,0,1,180,6,0,0,0,0
9279.69,13,2,0,0,162,7,3,0,0,0
6466.48,7,22,0,0,569,25,0,0,0,0
8366.42,4,16,0,1,135,9,1,0,0,0
1091.96,3,7,0,1,299,22,1,0,0,0
6192.17,6,19,0,0,265,13,1,0,0,0
3285.85,1,1,0,0,231,15,0,0,0,0
2744.1,5,9,0,0,192,11,0,0,0,0
10620.65,7,15,0,1,1204,75,1,0,0,0
19521.55,5,0,0,1,547,26,2,0,0,1
26752.15,7,17,0,0,210,15,0,0,0,0
16561.03,6,19,0,0,215,11,1,0,0,0
3984.89,7,14,0,0,440,16,0,0,0,0
6327.88,7,4,0,1,264,11,1,0,0,0
9574.16,7,17,0,0,460,16,0,0,0,0
5019.96,3,8,0,0,145,3,1,0,0,0
5068.32,5,17,0,0,383,21,0,0,0,0
10135.03,7,15,0,0,594,33,0,0,0,0
4191.1,6,2,0,0,368,14,1,0,0,0
2144.61,7,2,0,0,279,10,1,0,0,0
2938.13,4,0,0,0,493,29,0,0,0,0
8382.57,6,1,0,0,49,4,1,0,1,0
4460.4,7,7,0,0,592,28,0,0,0,0
6249.21,8,0,1,0,59,8,1,0,0,1
8691.31,0,22,0,0,659,36,0,0,0,1
3056.91,3,21,0,0,271,10,0,1,0,0
9473.45,10,4,0,1,625,43,0,0,0,0
6495.36,7,7,0,0,720,28,1,0,0,0
1293.6,5,17,0,1,285,13,0,0,0,0
18813.03,5,15,0,0,685,43,0,0,0,0
2695.27,5,13,0,0,420,19,0,0,0,0
849.72,4,23,0,0,490,26,2,0,0,0
1563.93,6,15,0,0,794,40,0,0,0,0
1601.91,4,16,0,0,453,26,0,0,0,0
4685.24,7,12,0,0,626,30,0,0,0,0
3381.75,6,12,0,0,1143,56,1,0,0,0
3175.33,5,6,1,0,623,25,0,0,0,0
8264.31,6,12,0,0,265,7,0,0,1,0
6247.12,5,22,0,0,430,30,1,0,0,0
6100.02,12,9,1,0,214,16,0,0,0,0
6699.77,9,3,0,0,443,20,0,0,0,0
8234.88,5,14,0,0,293,15,0,0,0,0
540.26,8,18,0,0,474,16,0,0,0,1
3088.87,3,23,0,0,632,17,0,0,1,0
502.6,6,13,0,0,208,7,0,0,0,0
4610.35,9,18,0,0,375,19,0,1,0,0
4426.51,4,6,0,0,168,11,0,0,0,0
12651.52,8,10,0,0,217,11,0,0,0,0
14583.33,3,10,0,0,417,19,0,0,1,0
5446.75,6,7,1,0,277,6,0,1,0,0
2696.31,8,17,0,0,887,42,0,0,0,1
7223.98,8,21,0,1,80,3,2,0,0,0
2623.02,6,7,0,0,1005,48,0,0,0,0
4440.88,10,3,0,0,624,31,0,0,0,0
11921.95,5,19,0,0,543,34,0,0,0,0
2545.87,2,20,0,0,597,40,0,0,0,0
9953.49,8,22,0,0,589,43,0,0,0,0
8755.18,7,6,0,0,262,7,0,0,0,0
1711.64,5,17,0,0,645,20,0,0,0,0
11776.89,8,17,0,0,441,20,0,0,0,0
8942.46,6,18,0,0,94,3,0,0,0,0
4924.24,10,19,0,0,219,12,0,0,0,0
2074.92,10,22,1,0,169,9,0,0,0,0
1883.32,7,11,0,1,319,17,0,0,0,0
2597.58,6,1,0,0,60,3,0,0,1,0
7651.02,4,4,0,0,578,27,0,1,0,0
1710.22,7,21,0,0,647,33,0,0,0,0
6887.84,5,20,0,0,256,17,0,0,0,0
1284.65,2,0,0,0,480,29,0,0,0,0
3626.17,4,8,0,0,909,43,0,0,0,0
4962.41,5,5,0,0,274,7,1,0,0,0
51283.8,8,7,0,0,274,15,0,0,0,0
1121.79,7,15,0,0,306,14,0,0,0,0
19380.34,2,12,0,0,547,35,0,0,0,0
5165.94,6,11,0,0,270,21,0,0,0,0
6708.78,6,10,0,0,310,11,0,0,0,0
5005.78,3,15,0,0,534,18,0,0,0,0
6937.71,4,16,0,1,513,29,0,0,1,0
3813.55,9,1,0,0,246,12,1,0,0,0
19035.3,5,3,0,0,163,10,0,0,0,0
2817.28,4,8,0,0,284,11,0,0,1,0
13797.39,4,10,0,0,333,16,0,0,0,0
2334.69,7,23,0,0,422,22,1,0,1,0
4187.04,7,21,0,0,371,14,0,1,0,0
1522.39,4,15,0,0,133,8,0,0,0,0
7009.51,1,0,1,0,266,17,1,0,0,0
18866.18,2,2,0,0,64,3,0,0,0,0
4116.03,7,10,0,0,421,15,0,0,0,0
3652.31,10,14,0,0,157,10,0,0,0,0
1458.82,5,15,0,0,104,7,0,0,0,0
3535.84,5,3,0,0,293,18,0,0,0,0
904.34,8,21,0,0,466,27,0,0,0,0
1784.91,9,11,0,0,364,12,0,0,0,0
5579.12,8,14,0,0,971,53,1,0,0,0
16630.83,7,0,0,0,81,2,1,0,0,0
73807.15,5,19,0,0,77,3,0,0,1,0
2473.56,6,13,0,1,232,13,1,0,0,0
18681.71,5,5,0,1,629,31,1,1,0,0
5674.58,7,7,0,0,247,10,0,0,0,0
3822.85,11,8,0,1,180,8,0,0,0,0
6854.05,5,0,0,0,487,23,0,0,0,0
4731.12,8,22,0,0,267,13,0,0,0,0
4966.13,7,19,0,0,781,43,0,0,0,0
2956.22,9,21,1,0,300,12,0,0,0,0
1098.71,6,8,0,0,635,20,0,0,0,0
949.92,1,13,0,0,318,15,0,0,1,0
8546.22,4,10,1,0,468,18,1,0,0,0
3372.13,9,11,0,0,698,31,0,0,0,0
2450.17,6,14,0,0,76,2,0,0,0,0
4485.05,10,10,0,0,55,2,1,1,0,0
9847.1,8,18,0,0,86,3,0,0,1,0
5326.04,5,1,0,0,164,14,0,0,0,0
2307.56,7,4,0,0,718,40,0,0,0,0
15158.14,7,21,0,0,1057,43,1,1,0,0
21572.73,5,21,0,0,335,23,0,0,0,0
7292.17,5,19,0,1,259,9,0,0,0,0
11774.17,6,8,0,0,452,24,1,0,0,0
15397.49,7,10,0,0,206,9,1,0,0,0
13767.96,3,0,0,0,435,24,2,0,0,0
8218.14,3,6,0,0,699,37,1,0,0,0
8089.7,6,17,0,0,455,20,0,0,0,0
7477.55,5,8,0,0,147,11,0,0,0,0
1484.25,6,11,0,0,326,18,1,0,1,0
8961.77,8,2,0,0,1135,58,0,0,0,0
1146.18,6,11,0,0,490,26,0,0,0,0
2009.02,0,17,0,0,242,9,1,0,0,0
16375.88,8,13,0,0,202,9,0,0,0,0
10303.31,3,13,0,0,236,10,1,0,0,0
19680.79,7,21,0,0,588,27,0,0,1,0
3389.12,9,5,0,0,411,19,1,0,0,0
1404.94,9,7,0,0,159,6,0,0,0,0
3496.66,8,14,0,0,674,29,0,0,0,0
4924.76,7,11,0,0,1113,60,1,0,0,1
4812.58,6,23,0,0,426,18,1,0,0,0
13817.35,6,1,0,0,757,41,0,0,0,0
3098.67,4,2,0,0,141,3,1,0,0,0
6323.54,6,8,0,0,311,12,0,1,0,0
1654.7,7,11,0,0,128,9,1,0,0,0
6976.6,4,21,0,0,605,36,0,0,1,0
4460.91,5,11,0,0,355,17,1,0,0,0
2101.04,3,10,0,0,55,2,0,0,0,0
3512.81,6,4,0,0,143,6,0,0,0,0
3699.02,6,10,0,0,325,16,0,0,0,0
3394.27,3,12,0,1,87,4,0,0,0,0
26143.12,5,14,0,0,151,3,0,0,0,0
4030.13,6,14,0,0,718,37,0,0,1,0
3484.58,9,10,0,0,196,13,0,0,0,0
545.96,2,3,0,0,422,26,1,0,0,0
1818.55,3,3,0,0,651,27,0,0,0,0
3418.4,5,3,0,0,575,23,0,1,1,1
2239.81,9,14,0,1,931,42,0,0,1,0
17706.86,6,20,0,0,684,29,0,0,0,0
3770.87,8,21,0,0,412,20,0,0,0,0
16130.13,2,7,0,0,98,4,0,0,0,0
4730.11,7,1,0,0,336,10,0,0,0,0
4615.74,5,15,0,0,578,24,0,0,0,0
4069.21,6,0,0,0,173,5,1,0,0,0
4463.98,6,15,0,0,725,36,1,0,0,0
24804.86,4,9,0,0,355,21,0,0,0,0
437.2,6,20,0,0,576,28,0,1,0,0
600.92,4,15,0,0,574,27,0,0,0,0
2583.32,9,17,0,0,592,26,0,0,0,0
4512.14,5,9,0,1,246,16,0,0,0,0
8867.11,8,20,0,0,939,37,0,0,0,0
7137.28,4,12,0,0,816,55,1,0,0,0
3028.29,5,15,0,0,387,21,1,0,0,0
12320.79,6,8,0,1,136,5,1,0,0,0
12458.96,6,10,0,0,254,8,0,0,0,0
5345.75,10,20,0,0,245,14,1,0,1,0
11645.3,6,9,0,0,92,4,0,0,0,0
5840.93,7,0,0,0,208,13,0,0,0,0
2536.44,7,9,0,0,5,1,0,0,0,0
8935.76,2,9,0,0,507,32,1,0,0,0
4967.21,5,10,0,0,312,13,1,0,0,0
4453.03,8,1,0,1,598,29,0,0,0,0
19398.55,6,3,0,0,281,16,1,0,0,0
383.42,3,7,0,0,87,7,0,0,0,0
1077.41,3,10,0,0,131,7,0,0,0,0
1356.86,7,0,0,0,344,11,0,0,0,0
3092.51,1,9,0,0,341,15,0,0,1,0
3447.46,4,7,0,0,207,6,0,0,0,0
985.03,7,0,0,0,200,5,0,0,0,0
1660.45,3,6,1,0,619,32,0,0,0,0
1880.25,2,6,0,0,63,3,0,0,0,0
51918.17,11,3,0,0,444,17,0,0,0,0
26950.09,7,18,1,0,287,12,1,0,0,0
2946.14,7,1,0,0,618,27,0,0,0,1
3091.52,5,13,0,0,1175,71,1,0,0,0
1409.23,7,15,0,0,115,5,0,0,0,0
659.76,1,19,0,1,549,29,0,0,0,0
3956.52,4,13,0,0,531,23,0,0,0,0
1639.5,7,13,1,0,181,7,1,0,0,0
4085.3,5,18,0,0,240,10,0,0,0,0
897.66,3,20,0,0,303,15,0,0,0,0
2075.64,10,5,0,1,516,18,0,0,0,0
5159.67,6,19,0,0,375,16,1,0,0,0
6413.82,7,11,0,0,842,43,1,0,0,0
6751.18,2,2,0,0,167,6,1,0,0,0
1187.39,7,14,0,0,336,20,0,0,1,0
10453.43,7,23,0,0,433,17,0,0,0,0
1997.77,5,3,0,0,274,17,0,1,1,0
8373.76,4,0,0,0,146,8,1,0,0,0
4400.01,5,21,0,0,736,46,0,0,0,0
1122.84,3,14,0,1,420,16,1,0,0,0
3241.54,6,5,0,0,63,3,0,0,0,0
6408.39,7,19,0,0,215,13,0,0,0,0
8208.83,2,9,1,0,175,4,1,0,0,0
3862.28,7,7,1,0,974,51,0,0,0,0
20573.91,6,6,0,0,291,21,2,0,0,1
12179.52,8,14,0,0,865,56,0,0,0,0
3440.41,6,3,1,1,484,25,0,0,0,0
9415.59,4,8,0,1,465,33,0,0,0,0
30754.56,7,7,0,0,209,11,2,0,0,0
31586.48,6,1,0,0,288,9,1,1,0,0
1302.45,6,18,0,0,111,9,0,0,0,0
1760.7,7,0,0,0,671,36,1,0,0,0
19632.05,10,23,0,0,676,31,1,0,0,0
1543.36,5,2,0,1,466,24,1,0,0,0
1184.95,7,8,0,0,373,23,0,0,0,0
2734.78,5,2,0,1,319,19,0,0,1,0
6769.8,4,8,0,1,970,54,0,1,0,0
4014.24,4,14,0,0,744,37,0,0,0,0
2320.26,7,2,0,0,422,16,0,0,0,0
2266.04,5,12,0,0,243,7,2,0,0,0
2181.27,4,18,0,1,225,11,0,0,1,1
1845.47,6,10,0,0,921,32,0,0,0,0
43548.6,6,2,0,0,188,5,0,0,0,0
5987.99,4,16,0,0,336,18,0,0,0,0
10794.14,5,4,0,0,528,23,0,0,0,0
2726.9,4,0,0,0,636,26,0,1,0,0
3692.44,4,10,0,0,447,28,0,0,1,0
2178.62,7,6,0,1,383,23,1,0,0,0
313.65,11,0,1,0,366,32,1,0,0,0
1121.02,11,18,0,1,306,10,0,0,0,0
727.33,5,14,0,0,148,5,4,0,0,0
468.82,6,21,1,0,585,21,2,0,0,0
1345.66,3,11,0,1,248,12,0,0,0,0
16729.95,4,10,0,0,125,2,0,0,0,0
4253.78,8,20,0,0,160,5,0,0,0,0
16164.35,10,1,0,0,419,12,0,0,0,0
6707.51,3,8,0,0,565,28,0,1,0,0
9726.01,5,19,0,0,408,16,0,0,0,0
1806.42,6,7,0,1,328,11,0,0,0,0
7509.7,11,21,0,0,349,22,1,0,0,0
9216.16,5,6,0,0,193,13,1,0,0,0
2498.27,8,9,0,0,684,38,0,0,0,0
7781.78,5,21,0,0,163,6,0,0,0,0
7833.68,7,5,0,0,456,27,1,0,0,1
2566.88,9,23,0,0,653,44,3,0,0,0
1446.98,4,1,0,0,429,31,0,0,0,0
1360.86,6,6,0,0,537,32,1,0,0,0
4848.89,8,14,0,1,208,9,0,0,0,0
6167.26,4,14,0,0,445,40,1,0,0,0
2013.19,6,21,0,0,627,33,0,0,0,0
4566.88,4,23,0,1,588,28,1,0,0,0
7867.83,5,16,0,0,632,26,0,0,0,0
8251.83,9,15,0,0,292,7,0,0,0,0
20991.65,10,7,0,0,708,21,1,0,1,0
15946.28,7,19,0,0,396,19,3,0,0,0
1633.87,5,15,0,0,280,11,1,0,1,0
23946.71,4,0,0,0,930,40,0,0,0,0
2615.01,7,19,0,0,65,2,1,0,0,0
12643.17,3,8,0,0,375,18,1,0,0,0
4759.92,7,11,0,0,218,4,0,0,0,0
2944.96,4,11,0,0,586,31,0,0,0,0
729.46,10,19,0,0,204,10,0,1,0,0
3745.97,3,6,0,0,94,4,1,0,0,0
935.07,4,9,0,0,266,13,2,0,0,0
11699.47,7,0,1,0,288,8,0,0,0,0
20267.88,7,8,0,0,236,15,0,0,0,0
2004.38,5,2,0,0,127,3,0,0,0,0
6014.75,11,13,0,1,325,13,0,0,0,0
2152.98,10,21,0,0,77,3,1,0,1,0
2372.06,5,11,0,1,325,10,2,1,0,0
9647.89,6,21,0,0,335,19,0,0,1,0
4278.94,1,23,0,0,870,43,0,0,0,0
25327.55,8,1,0,0,417,25,1,0,0,0
2745.63,11,12,0,0,81,1,0,0,0,0
12080.36,7,12,0,0,491,23,0,0,0,0
4902.07,13,9,0,1,957,48,0,1,0,0
9855.43,3,19,0,0,206,11,0,0,0,0
2843.65,4,9,0,0,336,15,0,0,0,0
4232.05,10,1,0,0,290,14,0,0,0,0
3961.99,5,13,0,0,349,12,0,0,0,0
1927.43,2,4,0,0,341,15,0,0,0,0
8622.08,11,8,0,0,332,13,1,0,0,0
8520.66,7,12,0,1,223,17,0,0,0,0
8051.03,7,17,0,0,306,25,1,0,0,0
20680.9,5,6,0,0,376,8,0,0,0,0
18945.94,4,9,0,0,403,21,0,1,0,0
3056.59,6,1,0,0,450,24,0,0,0,0
6457.85,10,9,0,0,763,35,2,0,0,0
2383.68,10,13,0,0,535,36,0,0,0,0
4552.15,7,14,0,0,404,20,0,0,0,0
2441.21,4,7,0,0,283,12,0,0,0,0
22473.01,7,1,0,0,1224,54,0,0,0,0
6397.73,9,13,0,1,78,2,0,0,0,0
3575.9,2,15,0,0,446,26,1,0,0,0
14670.86,7,2,0,1,601,26,0,0,0,0
507.44,5,12,0,0,378,22,0,0,0,0
593.42,6,2,0,0,213,10,0,0,0,0
9856.03,6,10,0,0,487,19,0,0,0,0
4724.27,7,15,0,0,160,8,0,0,0,0
5712.7,11,17,1,0,604,27,0,1,0,0
1180.39,9,17,0,0,147,6,0,0,0,0
4344.94,5,18,0,1,814,34,0,0,0,0
32975.15,9,5,1,0,488,27,0,0,0,0
10139.56,4,20,0,0,391,23,0,0,1,0
5269.58,4,8,0,0,319,13,0,0,1,0
2866.78,2,8,0,0,345,17,0,0,0,0
2997.18,4,18,0,0,175,8,0,0,0,0
528.9,7,7,0,1,372,21,0,0,0,1
5753.94,7,1,0,0,266,8,0,0,1,0
10357.68,2,17,0,1,249,13,0,0,0,0
920.01,8,15,0,1,1175,66,0,0,0,0
2295.22,3,13,0,1,270,14,0,0,0,0
1397.63,8,3,0,0,299,15,0,0,0,0
1693.66,6,15,0,0,685,37,1,0,0,0
4691.38,9,4,0,0,174,13,0,0,0,0
553.13,4,13,0,0,801,41,0,0,0,0
8219.55,5,12,0,0,292,18,0,0,0,0
9450.8,5,18,0,1,196,9,2,0,0,0
3459.56,5,23,1,0,77,2,0,0,0,1
372.15,8,4,0,0,738,47,1,0,0,0
1641.85,7,2,0,0,238,11,0,0,0,0
15258.65,5,13,0,0,286,8,1,1,0,0
276.44,2,22,0,0,289,22,0,0,0,0
3141.57,2,3,1,0,237,15,0,1,0,0
1366.49,9,11,0,0,486,20,2,0,0,0
9942.47,6,9,0,0,630,28,0,0,0,0
2263.99,8,7,0,0,1219,60,1,0,0,0
6660.53,7,15,0,1,844,31,1,0,0,0
7827.99,1,7,0,0,385,11,0,0,0,0
27895.64,2,11,0,0,607,33,0,0,0,0
3630.25,3,20,0,0,995,49,0,1,0,0
6477.21,5,9,0,0,668,34,1,0,0,0
1007.22,5,0,0,0,399,16,1,0,0,0
14623.92,6,21,0,0,491,26,0,1,0,0
2078.69,8,6,0,0,807,32,0,0,0,0
2538.29,8,18,1,0,58,1,0,0,1,1
4349.22,3,18,0,0,317,16,0,0,0,0
931.8,5,12,0,0,43,3,1,0,0,0
5590.2,4,2,0,0,139,8,0,0,0,0
11701.43,6,22,0,0,26,3,0,0,0,0
5960.64,9,16,0,0,298,11,0,0,0,0
907.87,7,10,0,0,940,48,0,0,0,0
3929.2,5,20,0,0,746,45,0,0,0,0
9339.7,4,18,0,0,196,14,1,0,0,0
679.94,11,18,0,0,488,25,0,0,0,0
1518.13,6,4,0,0,166,9,0,0,0,0
10684.44,9,15,0,0,386,20,0,0,0,0
5826.06,8,6,0,0,866,47,0,0,0,0
6714.14,3,1,0,0,124,7,0,0,0,0
28552.36,7,8,0,0,440,16,1,0,0,0
7104.99,9,2,0,0,594,32,1,0,1,0
8586.0,9,2,0,0,229,16,0,0,0,0
66886.04,4,17,0,0,437,19,0,0,0,0
3591.03,3,12,0,0,190,9,0,0,0,0
2002.43,5,9,0,0,401,20,0,0,0,0
6821.24,10,4,1,1,401,31,0,0,0,0
6898.03,9,18,0,0,108,5,0,1,0,0
2626.18,6,15,0,0,90,2,0,0,0,0
1583.83,10,14,0,0,76,4,1,0,0,0
44794.67,5,4,0,0,510,19,0,0,0,0
6166.23,5,2,0,0,454,18,1,0,0,0
2138.19,2,2,0,0,373,15,0,0,0,0
11113.66,4,0,0,0,304,16,0,0,0,0
3987.24,3,23,0,0,626,29,1,0,0,0
3453.41,6,8,0,0,278,11,0,0,0,0
7803.07,10,15,0,0,205,13,0,0,0,0
1221.85,5,23,0,0,136,6,0,0,0,0
6327.29,5,22,1,0,356,21,0,0,0,0
30120.3,6,7,0,0,414,16,0,0,0,0
7088.14,7,11,0,0,343,10,0,0,0,0
3052.72,5,11,0,0,573,25,1,0,0,0
2678.19,8,0,0,0,285,16,0,0,0,0
2950.29,6,18,0,0,1407,82,0,0,0,0
3449.68,9,13,0,0,357,17,1,0,1,0
3047.86,6,8,0,0,248,6,1,0,1,0
11117.9,6,13,1,0,266,14,0,0,0,0
785.87,7,17,0,0,460,21,1,0,0,0
10530.17,6,0,0,0,1208,67,0,1,0,0
3042.13,7,15,0,1,207,6,0,0,0,0
6483.06,6,20,0,0,538,26,1,1,0,0
1440.88,9,17,0,0,440,13,0,0,0,0
16791.55,5,14,0,1,883,51,1,1,0,0
15454.18,4,2,0,0,198,8,1,0,0,0
11609.63,5,17,0,0,491,35,0,0,0,0
977.74,6,18,0,0,680,33,0,0,0,0
10189.58,4,11,0,1,532,18,0,0,0,0
6666.53,2,13,0,0,633,32,0,0,0,0
893.13,9,14,0,1,276,13,1,0,0,0
4340.32,5,2,0,1,422,24,0,0,0,1
6403.08,4,6,0,0,773,31,1,0,0,0
7754.86,3,19,0,0,93,4,0,0,1,0
5309.54,3,23,0,0,280,17,0,0,0,0
5950.51,9,6,0,0,187,9,1,0,0,0
19411.31,3,9,0,0,180,12,2,0,0,0
15154.21,5,21,0,0,448,23,0,0,0,0
252.89,6,3,0,0,442,20,0,0,0,0
3237.52,8,6,0,0,289,11,1,0,0,0
3771.96,9,1,0,0,402,24,0,0,0,0
771.16,5,5,0,0,341,14,1,0,0,0
4886.26,6,15,0,0,79,4,0,0,0,0
15502.52,10,8,0,0,134,5,0,0,0,0
1500.32,5,23,0,0,539,26,0,0,0,0
6225.45,4,21,0,0,162,8,0,0,0,0
1779.66,4,21,0,1,286,16,1,0,0,0
2271.26,5,17,1,0,472,14,0,0,0,0
19484.87,7,16,0,0,439,30,0,0,0,0
2584.9,10,12,0,1,217,10,0,0,0,0
7060.09,5,23,0,1,359,21,0,0,0,0
684.56,4,2,1,0,278,12,1,0,0,0
28633.07,5,17,0,0,326,16,0,0,0,0
8124.61,5,3,0,0,863,46,0,1,0,0
3705.23,11,8,0,0,489,28,0,0,0,0
7907.34,6,6,0,0,326,21,0,0,0,0
1085.92,9,14,0,0,366,16,1,0,0,0
14509.09,3,18,0,1,42,0,1,0,0,0
3216.39,5,1,0,0,1599,79,0,0,0,0
3626.16,7,14,0,0,767,45,1,0,0,0
2719.88,3,5,0,0,264,15,0,0,1,0
2488.28,6,1,0,0,75,6,1,0,0,0
8907.69,0,10,0,1,274,10,0,0,0,0
5743.98,5,13,0,0,685,36,0,0,0,0
8533.44,10,4,0,0,635,44,1,0,0,0
4408.13,7,9,0,0,355,18,0,0,0,0
7429.4,6,22,1,0,1062,62,0,0,0,0
2925.3,6,8,0,0,308,14,0,0,0,0
41346.04,5,23,0,0,287,23,0,0,0,0
927.11,9,20,0,0,471,26,1,0,0,0
15692.49,8,8,0,0,201,2,0,1,0,0
17464.18,6,13,0,1,240,6,1,1,0,1
1896.64,7,17,0,0,546,30,1,0,0,0
41327.09,12,11,0,1,184,12,0,0,0,0
12033.99,5,9,0,0,471,15,0,0,0,0
11744.48,7,7,0,0,654,25,1,0,1,0
4573.45,5,3,0,0,266,12,1,1,1,0
3578.77,3,0,0,0,304,15,1,0,0,0
3606.85,4,8,0,0,386,17,0,0,0,0
6571.72,5,19,0,1,184,12,0,1,0,0
18055.15,4,5,1,0,259,8,2,0,0,0
5331.11,7,4,0,0,102,4,0,0,0,1
1787.47,4,7,0,0,154,7,0,0,0,0
10141.86,9,14,1,0,333,25,0,0,0,0
11171.83,10,5,0,0,449,24,0,0,0,0
8558.32,8,5,0,0,451,15,0,0,0,0
9372.16,6,2,0,0,218,11,0,0,0,0
3391.65,9,7,0,0,221,16,1,0,0,0
1756.38,6,5,0,0,243,15,0,1,0,0
1866.47,13,19,0,0,355,23,0,0,0,0
866.56,9,21,0,0,154,7,0,0,0,0
5636.11,12,8,0,0,88,2,0,0,0,0
4091.03,2,2,0,0,394,21,0,0,1,0
2864.11,4,2,0,0,228,14,0,0,0,0
231.45,7,7,0,0,453,22,0,1,0,0
1277.53,9,11,0,1,1094,59,0,1,0,0
13641.07,3,12,0,0,234,8,0,0,0,0
2287.86,5,7,0,0,477,16,0,0,0,0
6377.88,7,8,0,0,55,4,0,0,0,0
1106.9,5,6,0,0,267,8,0,0,0,0
18745.43,3,12,0,0,378,18,1,0,0,0
3850.55,1,16,0,0,45,4,0,0,0,0
5943.42,4,1,0,0,805,33,0,0,0,0
45514.21,7,11,0,0,189,11,2,1,0,0
20260.74,4,15,0,0,595,37,2,0,0,0
3272.91,5,16,0,0,504,28,0,0,0,0
2457.21,9,13,0,0,923,38,0,0,0,0
3211.38,5,12,0,0,55,1,0,0,0,0
7404.91,5,16,1,0,420,14,0,0,0,0
4002.91,3,9,0,0,325,12,0,0,0,0
2995.17,1,13,1,0,40,1,0,0,0,0
19286.9,10,7,0,0,306,19,0,0,1,0
3967.1,8,10,0,0,281,15,0,0,0,0
44337.63,5,2,0,0,124,4,0,0,0,0
4869.48,2,8,0,0,291,8,0,0,1,0
26511.09,6,3,0,1,271,10,0,0,0,0
6357.05,10,5,1,0,235,11,0,0,0,0
11648.82,7,10,0,0,429,16,0,0,0,0
2154.66,5,12,0,0,556,31,2,0,0,0
1893.61,5,22,0,0,191,10,1,1,0,0
7042.41,8,0,0,0,314,16,0,0,0,0
11950.8,8,21,0,0,907,46,0,0,0,0
4629.74,9,7,0,0,311,12,0,1,0,0
1228.57,9,17,1,0,186,11,1,0,0,0
1141.09,5,16,0,0,141,7,1,0,0,0
1067.27,2,23,0,1,488,27,0,0,0,0
759.29,5,2,0,0,199,11,0,0,0,1
4961.61,8,23,0,0,169,11,0,0,1,0
13698.53,6,1,0,1,466,16,0,0,1,0
4387.8,6,21,0,0,108,3,0,0,0,0
463.86,6,15,0,0,448,30,0,0,0,0
3674.75,6,11,0,0,147,5,0,0,0,0
3778.95,8,9,0,0,170,11,1,0,0,0
36170.49,7,2,0,0,106,4,0,0,0,0
1035.73,9,19,0,0,177,12,0,0,0,0
3008.88,4,17,0,0,690,31,0,0,0,0
24485.9,5,22,1,0,1510,68,0,0,0,0
6974.24,9,17,0,0,294,17,0,0,0,0
7811.19,7,22,1,0,257,17,0,0,0,0
4986.97,8,21,0,1,559,39,1,1,1,0
6185.38,4,10,0,0,453,26,1,0,1,0
9677.99,3,16,0,0,637,31,0,0,0,0
1979.33,1,6,0,1,424,18,0,0,0,0
10700.64,3,19,0,1,694,36,0,0,0,0
1126.64,11,14,0,0,409,29,1,0,1,0
6175.64,3,10,0,0,908,50,1,0,0,0
5317.41,5,15,0,0,549,33,2,0,0,0
2401.16,3,6,1,0,856,40,0,0,0,0
4347.32,8,14,0,0,258,13,0,0,0,0
2386.21,8,11,0,0,285,14,0,0,0,0
1522.79,5,7,0,0,390,21,1,0,0,0
3122.49,8,23,0,0,405,24,0,0,0,0
1474.41,0,1,0,0,324,16,1,0,0,0
6141.34,8,18,0,0,347,14,0,0,0,0
1407.98,9,5,0,0,278,7,0,0,0,0
9063.2,5,5,0,0,388,18,0,0,0,0
1364.47,7,3,0,0,239,7,0,0,0,0
2524.26,6,2,0,0,677,30,0,0,0,0
2381.29,5,2,0,0,529,25,0,0,0,0
16733.14,7,19,0,0,391,19,0,0,0,0
6187.52,5,22,0,0,87,5,0,0,0,0
3598.48,3,14,0,0,76,5,0,0,0,0
7322.59,8,0,0,0,348,18,0,0,0,0
540.67,5,20,0,0,160,9,0,0,0,0
4259.33,7,14,0,0,485,25,0,0,0,0
32778.04,7,12,0,0,44,2,0,1,0,1
5076.34,7,22,0,0,1005,44,0,0,0,0
4759.57,3,9,1,0,120,5,1,0,0,0
7693.48,9,8,0,0,640,30,0,0,0,0
10890.05,4,18,0,1,270,14,0,0,1,0
603.37,3,12,0,0,83,4,1,0,0,0
826.89,6,17,0,0,285,22,1,0,0,0
5487.85,11,16,0,0,800,31,0,0,1,0
2175.74,4,20,0,0,266,10,1,0,0,0
16515.02,3,7,0,0,756,41,0,0,0,0
3244.85,5,1,0,0,331,16,0,0,0,0
642.57,8,11,0,0,521,28,0,0,0,0
1251.36,6,15,0,0,210,11,2,0,0,0
284.38,5,19,0,0,176,7,0,0,0,0
3518.8,6,6,0,0,128,6,1,0,0,0
3683.49,7,17,0,0,393,23,1,1,0,0
2908.92,5,19,0,0,465,27,0,0,0,0
13080.52,11,19,0,0,280,11,0,0,0,0
14742.94,13,19,0,0,195,9,0,1,0,0
3750.38,6,23,1,0,893,51,0,0,0,0
526.0,12,15,0,0,333,18,1,0,0,0
8244.34,6,8,0,0,435,27,0,0,0,0
7749.32,3,10,0,0,237,20,0,0,0,0
6059.55,4,17,0,0,86,2,0,1,0,0
11866.56,8,5,0,0,171,10,1,0,0,0
1387.38,7,14,0,0,316,9,0,0,0,0
33148.59,4,13,0,0,103,3,0,0,1,0
1703.72,4,15,0,0,487,35,0,0,0,0
9407.13,4,10,0,1,323,18,1,0,0,0
822.75,6,17,1,1,296,22,0,1,0,0
1754.14,7,1,0,0,50,2,0,0,1,0
20259.29,5,17,0,0,314,21,2,0,0,0
3425.83,4,19,0,0,367,10,0,1,0,0
10300.24,9,21,0,0,154,12,0,0,0,0
5636.14,6,22,0,0,223,16,1,0,0,0
4003.97,2,8,0,0,362,23,0,0,0,0
17393.47,9,1,0,0,165,12,1,0,0,0
3509.89,7,15,1,0,220,14,0,1,0,0
749.39,6,2,0,0,184,12,0,0,1,0
1991.73,9,6,0,0,471,30,1,0,0,0
7717.08,6,16,0,0,654,32,0,1,1,0
6604.52,4,14,0,0,368,17,0,0,0,0
927.92,8,14,0,0,259,17,2,1,0,0
2155.24,6,18,0,0,522,25,0,0,0,0
2485.62,7,3,0,0,84,10,0,0,0,0
3085.69,5,18,0,0,309,11,0,0,0,0
1123.37,5,14,0,0,678,43,1,0,1,0
2372.33,4,10,0,0,198,7,1,0,1,0
2146.06,6,11,0,0,434,24,0,0,0,0
9619.36,4,12,0,0,546,18,0,0,0,0
9987.82,4,13,0,0,358,17,0,0,0,0
3843.7,5,8,0,1,167,14,0,1,0,0
3004.78,8,5,0,0,221,8,0,0,0,0
5114.96,5,4,0,0,476,31,0,0,1,0
1965.35,3,8,0,0,469,18,0,0,0,0
1412.57,4,6,0,0,341,7,0,0,0,0
1736.76,6,12,1,0,61,1,0,0,0,1
2357.1,7,21,0,0,112,10,0,0,1,0
1389.26,8,2,0,0,302,9,0,0,1,0
5229.44,2,7,0,0,192,11,1,0,0,0
9225.4,6,1,0,0,134,6,1,0,0,1
909.51,4,23,0,0,136,8,1,0,0,0
4560.23,6,16,0,0,1166,55,0,0,0,0
3569.08,9,5,0,0,384,23,0,0,0,1
6257.33,6,9,0,0,472,27,0,0,0,0
4389.9,3,17,0,0,270,13,0,0,0,0
1039.4,10,22,0,0,603,26,0,0,0,0
1258.42,7,13,0,0,444,14,2,0,0,0
4579.86,8,6,0,1,361,17,0,0,0,0
12441.35,10,16,0,1,366,18,0,1,0,0
485.81,8,16,0,0,178,7,1,1,0,0
6283.78,10,15,0,0,169,17,1,0,0,0
14612.35,6,1,0,0,379,20,0,1,0,0
3816.06,7,16,0,0,559,30,0,0,0,0
7709.45,4,0,0,0,701,38,0,0,0,0
2201.58,5,21,0,0,501,28,0,0,0,0
3946.7,6,21,0,0,754,34,0,0,0,1
879.27,6,13,0,0,678,33,1,0,0,0
426.52,3,15,0,0,288,6,0,0,1,0
11415.94,4,1,0,0,870,42,0,0,0,0
1660.72,4,20,0,0,329,24,0,0,1,0
2819.94,7,6,0,0,313,18,0,0,0,0
1111.6,3,6,0,1,474,29,0,0,0,0
1085.75,9,16,0,0,700,36,0,0,0,0
3737.46,5,22,0,0,202,12,0,0,0,0
2143.99,8,11,0,0,328,22,0,0,0,0
6489.7,10,12,0,0,287,13,0,1,1,0
6992.12,4,13,0,0,155,8,0,1,1,0
6129.38,4,6,0,0,201,8,0,0,0,0
5645.43,8,14,0,0,161,6,0,0,0,0
21542.18,4,23,0,0,459,17,2,0,0,0
1529.06,5,9,0,1,277,11,1,0,0,0
4209.36,5,18,0,1,245,10,0,0,0,0
13803.67,4,18,1,0,424,22,1,0,0,0
15749.12,8,20,0,0,432,27,0,0,0,0
1073.02,6,17,0,0,678,38,1,0,0,0
3254.01,8,22,0,1,58,4,0,0,1,0
17294.11,5,17,0,0,593,30,1,0,0,0
7391.45,7,23,0,0,147,11,1,0,1,0
5405.99,7,17,0,0,404,23,0,0,0,0
3577.13,10,20,0,0,138,9,1,0,1,0
3029.64,9,21,0,0,497,19,0,1,0,0
5932.61,6,23,0,0,213,16,0,0,0,0
3455.17,5,14,0,0,449,20,0,0,0,0
4261.69,10,17,0,0,188,10,0,0,0,0
4810.7,5,23,0,0,78,6,0,0,0,0
2257.31,12,9,0,0,193,6,0,0,0,0
7571.37,8,2,0,0,432,23,2,0,0,0
81981.15,9,21,0,0,272,16,2,0,0,0
752.21,7,15,0,1,536,17,0,0,0,0
6148.8,1,10,0,1,300,14,1,0,0,0
2079.35,9,17,0,0,390,15,0,1,0,0
7922.03,5,0,0,0,93,1,0,0,0,0
4659.01,7,11,0,0,433,24,0,0,0,0
9526.71,4,6,1,0,575,32,0,0,0,0
14407.53,9,6,0,0,58,4,0,0,0,0
5390.65,5,23,0,0,116,4,0,0,0,0
13794.87,11,13,0,0,955,49,2,0,1,0
426.54,6,3,0,0,380,19,0,0,0,0
21817.16,4,8,0,0,276,14,0,0,0,0
6470.85,4,5,0,0,250,14,0,0,0,0
13066.98,3,21,0,0,25,2,0,0,1,1
1313.07,11,6,0,0,492,23,0,0,0,0
1937.65,0,8,0,0,264,12,0,0,0,0
5145.81,5,8,0,0,341,11,0,0,0,0
4371.94,7,4,0,0,580,34,2,0,1,0
5902.13,8,18,0,1,298,11,0,0,0,0
13154.45,8,13,0,0,651,29,1,0,0,0
761.11,3,10,0,0,80,2,0,0,0,0
11776.0,9,9,0,0,415,20,0,0,0,0
4484.05,2,16,0,1,219,13,0,1,0,0
3627.21,7,2,0,0,427,28,0,0,1,0
1021.35,9,22,0,1,273,18,0,0,0,0
7354.36,3,13,0,0,681,27,0,0,0,0
397.78,10,5,0,0,513,29,0,0,0,0
8504.87,7,12,0,0,225,8,1,0,0,0
1000.14,14,20,0,0,211,11,0,0,1,0
4691.27,8,4,0,0,412,19,0,0,1,0
3947.47,3,12,0,1,287,10,0,0,0,0
14321.8,3,14,0,0,373,26,0,0,0,0
3719.5,9,19,0,0,466,19,0,0,0,0
2221.33,8,13,0,0,589,39,0,0,0,0
2679.53,5,17,1,0,257,9,0,0,0,0
15881.06,5,18,0,0,167,15,0,0,1,0
7602.99,4,21,0,0,686,45,1,0,0,0
3024.1,6,8,0,0,579,25,0,0,0,0
3510.64,3,16,0,0,432,7,0,0,0,0
927.81,14,5,1,0,486,22,1,0,0,0
6558.22,8,20,0,0,312,18,0,0,0,0
765.24,4,22,0,0,476,26,0,0,0,0
9431.37,8,7,0,0,761,33,0,0,0,0
5057.47,11,13,0,0,150,8,1,0,0,0
48385.32,9,19,0,0,181,13,0,0,0,0
1480.1,5,0,0,0,515,23,0,0,1,1
4013.17,6,16,0,0,46,2,0,0,0,0
26857.16,8,19,0,0,790,32,0,0,0,0
14638.2,4,20,0,0,892,55,1,0,0,0
2216.73,3,4,0,0,168,10,0,1,1,0
5563.42,3,18,0,1,170,10,0,0,0,0
4455.97,3,18,1,1,22,2,0,0,1,0
5895.57,8,0,0,0,167,6,1,0,0,0
2211.26,4,16,0,0,325,22,0,0,0,0
4067.08,6,15,0,0,74,8,1,0,0,0
899.6,6,23,0,0,619,32,0,0,0,0
5090.46,3,1,0,0,590,29,0,0,0,0
6974.53,5,23,0,0,384,20,1,1,0,0
3542.47,2,13,0,0,216,11,0,0,0,0
884.44,5,6,0,0,194,8,0,0,0,0
11950.54,3,9,0,0,497,24,0,0,0,0
6403.02,7,18,0,0,707,37,0,0,0,0
2151.64,11,23,0,0,215,15,0,0,1,0
3359.0,7,7,0,0,721,34,0,0,0,0
991.61,6,23,1,0,438,17,1,0,0,0
1594.94,6,15,0,0,733,33,0,0,0,0
2597.2,5,4,0,0,257,13,0,0,0,0
15190.43,8,14,0,0,118,6,0,0,0,0
2346.07,10,19,0,0,734,39,0,0,0,0
8435.58,9,1,0,0,201,6,1,0,0,0
2595.89,10,1,0,1,628,31,0,0,0,0
5698.44,8,0,1,0,46,2,0,0,0,0
3860.7,12,13,0,0,338,16,0,0,0,0
10647.25,6,1,0,0,441,21,0,0,0,0
2605.0,8,22,0,0,380,19,0,0,0,0
922.85,5,3,0,0,386,18,0,1,0,1
1116.61,6,1,0,0,305,17,0,0,0,0
2612.66,4,6,0,0,288,10,0,0,0,0
1275.3,4,18,0,1,414,21,0,0,0,0
6702.34,5,21,0,0,693,41,0,0,0,0
2791.21,9,6,1,0,201,10,2,0,0,0
47791.67,11,12,0,0,512,33,0,1,0,0
782.34,3,18,0,0,121,6,1,1,0,0
5451.43,5,19,0,0,464,17,0,0,0,0
1439.49,5,3,0,0,232,10,0,0,0,0
2715.14,4,20,0,0,176,9,0,0,0,0
5122.61,8,20,0,0,408,20,0,0,0,0
434.69,8,17,0,0,766,29,0,0,0,0
5635.42,7,12,0,0,156,7,0,0,1,0
29819.19,2,9,0,0,132,4,0,0,0,0
2825.84,6,21,0,1,336,16,0,0,0,1
5766.43,6,20,0,0,182,13,0,0,0,0
12393.43,6,12,0,0,344,24,1,0,0,0
3774.59,5,17,0,0,255,13,1,0,1,0
2487.52,4,9,0,0,133,7,0,0,0,0
456.81,9,17,1,0,203,10,0,0,0,0
8442.14,6,2,0,0,633,18,0,0,0,0
3971.23,2,21,0,0,277,13,2,0,0,0
1615.36,7,12,0,0,326,14,1,0,0,0
5047.24,3,14,0,0,177,10,1,0,0,0
2480.76,6,4,0,0,406,21,0,0,0,0
2621.69,5,12,1,1,527,24,0,0,0,1
8154.22,3,0,0,0,363,29,1,1,0,1
1166.33,6,21,0,0,268,13,0,0,0,0
12674.09,5,17,1,0,589,32,0,0,0,0
1099.17,9,10,0,0,334,15,0,0,0,0
2292.27,4,20,0,0,683,20,1,0,0,0
30422.76,4,19,0,0,482,22,0,0,1,0
13730.22,9,2,0,0,263,22,0,0,0,0
4903.01,6,1,0,0,96,6,0,0,0,0
1736.23,6,6,0,0,491,19,0,0,0,0
2619.47,4,0,0,0,685,35,0,0,0,1
4785.16,4,13,0,0,152,6,2,0,0,0
4617.11,6,12,0,0,312,17,0,0,0,0
4060.77,8,12,0,0,487,34,0,0,0,0
4312.04,9,1,0,0,265,15,0,1,0,0
3588.99,7,22,0,0,337,13,0,0,0,0
1051.55,13,23,0,0,857,46,0,0,0,0
2653.11,6,14,0,1,402,22,1,0,0,0
11099.15,2,0,0,0,182,5,3,0,0,0
1131.91,4,9,0,0,334,22,0,0,0,0
3679.18,11,17,0,0,338,17,0,0,0,0
1959.11,7,17,0,0,154,4,0,0,0,0
4970.87,5,5,0,0,1067,58,1,0,0,0
3015.04,6,19,0,0,36,1,0,0,1,0
19484.87,3,23,0,0,97,2,0,0,0,0
7380.4,6,12,0,0,151,9,0,0,0,0
1197.75,8,9,0,0,98,0,0,0,0,0
8701.3,11,12,0,0,69,2,0,0,0,0
2049.49,6,0,0,0,858,46,0,0,0,0
2497.4,5,12,0,0,508,26,0,0,0,0
6086.44,3,0,0,0,606,28,0,1,0,0
2719.63,8,0,0,0,252,10,1,1,0,0
10860.15,8,13,0,0,706,27,0,0,0,0
2049.78,8,12,0,0,491,18,1,0,0,0
2394.8,7,23,0,0,244,11,1,0,0,0
2306.83,6,12,0,0,457,36,1,0,0,0
2525.92,9,23,0,0,108,3,0,0,0,0
13348.93,6,19,1,0,411,12,0,0,0,1
8339.81,9,8,0,0,292,11,0,0,0,0
24586.28,13,22,0,0,851,30,0,0,0,0
42943.66,9,11,0,1,636,25,0,0,0,0
1586.5,3,14,0,0,106,5,0,0,1,0
4771.51,3,2,0,0,165,11,1,0,0,0
1371.69,4,5,0,0,1097,61,0,1,0,0
2043.45,5,12,1,0,251,12,0,0,0,0
2368.28,5,6,0,0,104,7,1,0,0,0
1545.1,9,14,0,0,524,24,0,0,0,0
1553.26,8,1,0,0,773,42,0,1,0,0
3849.57,7,6,0,0,284,15,0,0,0,0
1317.22,4,15,0,0,446,27,3,0,0,0
10322.97,8,14,0,0,314,18,0,0,0,0
1776.23,8,23,1,0,529,23,0,0,0,0
73833.58,5,21,0,1,182,6,1,0,0,0
2831.65,5,19,0,1,389,14,0,0,0,0
4779.15,7,0,0,0,626,41,0,0,0,0
1217.63,5,14,0,0,244,18,1,0,0,0
24491.75,7,5,0,0,596,37,0,0,1,0
13622.81,7,6,0,0,512,28,0,0,0,0
5984.43,4,5,0,0,131,14,0,0,0,0
1156.55,8,10,0,0,187,15,1,0,0,0
5489.91,6,2,0,0,554,32,0,0,0,0
1448.91,4,12,0,0,185,14,0,0,0,0
19194.04,10,3,0,0,37,0,0,0,0,0
9988.55,7,12,1,0,369,22,2,0,0,0
4892.4,6,15,1,0,350,12,0,0,0,0
389.02,9,4,0,0,535,28,0,0,0,0
1663.34,7,2,0,0,736,43,2,0,1,0
8846.36,3,19,0,0,351,18,0,0,0,0
14956.24,9,17,0,0,418,25,1,0,0,0
13482.8,3,6,0,0,99,3,0,0,0,0
905.05,1,21,0,0,256,10,0,0,0,0
6012.24,10,5,0,0,1282,61,0,0,0,0
12277.4,9,22,0,0,479,15,0,0,1,0
846.97,9,2,0,0,755,40,1,0,0,0
4412.05,2,15,0,0,254,15,0,0,0,0
5847.93,9,0,0,0,226,7,0,0,0,0
3291.95,11,4,0,0,221,8,0,0,0,0
697.73,7,9,0,0,613,30,0,0,0,0
3210.89,6,2,0,0,291,18,0,0,0,0
3205.73,6,10,1,0,96,10,0,1,0,0
3835.01,4,5,0,1,310,11,0,0,0,0
2531.4,1,2,1,0,230,9,0,0,1,1
2855.46,5,23,0,0,638,25,0,0,0,0
4273.95,12,23,0,1,1056,60,2,0,0,0
6921.96,5,23,0,0,99,4,0,0,0,0
3279.92,9,3,0,0,490,17,0,0,0,0
2952.33,6,9,1,0,698,38,1,0,0,0
4877.33,9,7,0,0,555,23,0,0,0,0
651.37,10,7,0,0,228,10,0,0,0,0
7165.51,7,9,0,0,270,12,0,0,0,0
4444.56,6,12,0,0,343,22,0,0,0,0
4627.14,3,11,0,0,200,10,1,0,0,0
11622.92,5,7,0,0,392,20,0,0,0,0
630.92,8,23,0,0,788,39,0,1,0,0
617.8,2,23,0,0,486,18,0,0,0,0
5847.7,7,7,1,0,77,3,0,0,0,0
4415.53,2,5,0,0,315,15,1,0,0,0
5272.06,9,12,0,0,988,45,0,0,0,0
2801.4,5,8,0,0,181,9,0,0,0,0
8641.69,7,23,0,0,554,30,0,0,0,0
11300.91,2,10,0,0,131,7,0,0,0,0
7215.47,5,0,0,0,483,26,0,0,0,0
3426.08,5,3,0,0,270,18,0,0,0,0
540.4,3,1,0,0,853,51,1,0,0,0
9597.29,4,9,0,0,849,39,0,0,0,0
15089.11,3,7,0,1,103,5,1,0,0,0
8472.31,2,20,0,1,308,15,0,1,1,0
1845.23,7,21,0,0,250,7,0,0,0,0
8723.66,4,3,0,0,544,24,1,0,0,0
10514.7,7,22,0,0,1328,66,0,0,0,0
21137.76,5,14,0,0,295,12,1,0,0,0
1851.76,5,7,0,0,794,48,1,1,0,0
3545.89,9,9,1,0,280,12,0,0,0,0
9388.79,6,10,0,1,377,24,0,0,1,0
4709.84,7,4,0,0,299,14,0,1,0,1
1454.87,8,20,0,0,546,19,0,0,0,0
6731.92,7,0,0,1,888,36,1,0,0,0
7932.01,6,1,0,0,623,37,1,1,0,1
4855.96,9,6,0,1,265,14,0,0,0,0
5539.09,7,3,0,0,130,11,0,0,0,0
3433.36,7,1,0,0,199,6,1,0,0,0
19502.13,5,9,0,0,750,36,0,0,1,0
1806.79,6,9,0,0,386,19,1,1,0,0
2471.74,8,3,0,0,413,23,0,0,0,0
4496.19,3,19,0,0,599,36,0,0,0,0
10710.22,6,21,0,0,348,15,0,0,0,0
994.88,5,17,0,0,652,30,0,0,1,0
1199.55,6,12,0,0,301,16,0,0,0,0
579.56,8,22,0,0,256,15,1,0,1,0
4594.87,4,8,0,0,144,7,1,0,0,0
1453.45,7,10,1,0,47,1,0,0,0,0
3027.37,4,0,0,0,392,11,1,0,0,0
8616.02,3,16,0,0,574,32,0,0,0,0
2341.29,6,2,0,0,571,29,1,0,0,0
5604.26,6,15,0,0,769,30,1,0,0,0
3296.65,1,18,0,0,331,16,1,0,0,0
8709.02,7,5,0,0,762,37,0,0,0,0
7151.86,5,14,0,0,361,12,0,0,0,0
2226.23,6,7,0,0,142,11,0,0,0,0
3756.9,6,9,0,1,475,23,0,0,0,0
12628.9,3,12,0,0,150,6,1,0,0,0
6590.45,7,5,0,0,330,12,0,0,0,0
1099.97,4,19,0,0,682,45,0,0,0,0
8566.53,5,9,0,0,29,1,0,1,0,0
1503.26,10,11,0,0,374,15,0,0,0,0
18260.82,2,19,0,0,204,15,0,1,0,0
12383.24,10,5,0,0,685,36,1,0,0,0
5942.5,3,10,0,0,940,51,0,0,0,0
5204.26,9,23,0,0,285,14,1,0,1,0
3608.21,3,9,0,1,527,29,0,1,0,1
8765.02,5,2,0,1,104,4,1,0,0,0
3069.35,6,6,0,0,427,17,0,1,0,0
5628.34,4,22,0,0,161,3,0,1,0,0
10635.3,12,18,0,0,178,10,0,0,1,0
2535.62,9,19,0,0,314,9,0,0,0,0
2401.4,7,6,0,0,180,5,0,0,0,0
1347.0,4,20,0,0,439,25,0,0,0,0
1533.84,9,9,0,0,349,20,1,0,0,0
714.52,10,19,0,0,215,9,1,0,0,0
9226.44,6,21,0,0,202,9,1,0,0,0
27144.09,5,4,0,1,489,22,0,0,0,0
18496.35,8,22,0,0,568,31,0,0,0,0
874.73,7,15,0,1,373,16,1,0,0,0
9180.66,7,17,0,0,539,28,2,0,0,0
18436.84,11,18,0,0,147,12,0,0,0,0
2816.33,4,4,0,0,166,13,0,0,0,0
4921.89,5,17,0,0,221,14,0,0,0,0
597.11,12,5,0,0,136,8,0,0,0,0
5806.52,2,6,0,0,32,1,0,0,0,0
1535.24,7,2,0,0,291,19,0,0,0,0
5429.68,3,4,0,0,192,15,0,0,0,0
933.37,4,23,1,0,256,13,1,0,0,0
7653.04,6,7,0,0,177,8,0,0,1,0
12388.36,4,9,0,1,246,10,1,0,0,0
2032.09,3,11,0,0,347,29,0,0,0,0
1426.64,11,17,0,0,522,32,1,0,0,0
514.9,5,13,0,0,729,40,0,0,0,0
3407.0,9,12,0,0,281,15,0,0,0,0
2485.94,8,20,0,0,190,5,0,1,0,0
942.92,8,11,0,1,76,5,0,0,0,0
6995.47,8,18,0,0,1154,56,0,0,0,0
2835.66,4,21,0,0,560,25,0,0,0,0
1516.66,9,16,0,0,384,16,1,0,0,0
2554.03,5,0,0,0,111,0,0,0,0,0
12981.81,5,6,0,0,39,3,0,0,0,0
8126.92,9,14,0,1,73,2,0,0,0,0
3904.85,6,11,0,0,228,15,0,0,0,0
8259.38,5,6,0,0,197,15,1,0,0,0
1392.82,5,8,1,0,185,3,0,0,0,0
4593.37,6,1,0,0,208,8,0,0,0,0
5152.94,3,5,0,1,621,20,0,1,0,0
2779.88,6,18,0,0,110,9,0,0,0,0
6873.7,6,0,0,0,141,6,0,0,0,0
2037.68,7,20,0,0,145,8,0,0,0,0
7404.33,3,8,0,0,223,6,0,0,0,0
7722.23,1,19,0,1,75,4,0,0,0,1
240.53,1,6,0,0,466,10,0,0,0,0
14622.34,6,19,0,0,188,8,0,0,0,0
211.11,5,13,0,0,294,16,0,1,0,0
2401.75,10,20,0,0,335,17,0,0,0,0
12398.71,7,1,0,0,253,16,0,1,0,0
3238.01,8,19,0,0,567,37,0,0,0,0
1026.4,7,6,0,1,716,33,0,0,0,0
1489.6,8,8,0,0,120,5,0,1,1,1
12418.04,9,1,0,0,181,11,1,0,0,1
650.99,4,22,0,1,153,12,1,0,0,0
13752.71,8,15,0,0,96,6,1,0,0,0
4208.65,4,23,0,0,509,31,1,0,0,0
1349.66,7,13,0,0,438,20,0,0,0,0
2482.16,7,3,1,0,185,6,0,0,0,1
1608.05,7,8,0,0,180,7,0,0,0,0
10574.76,0,10,0,0,377,20,1,1,0,0
9250.45,1,3,0,0,267,12,0,0,0,0
796.99,9,22,1,0,382,21,0,0,0,0
2970.27,8,22,0,0,210,6,0,0,0,0
1875.84,11,13,0,0,356,23,0,0,0,0
16212.05,2,14,0,1,585,30,1,0,1,0
1152.74,6,16,0,0,296,14,1,0,1,0
22119.82,2,16,0,0,837,39,0,0,0,0
4301.44,8,1,0,1,388,16,0,0,0,1
1391.4,5,12,0,0,46,2,0,0,0,0
2259.11,6,18,0,1,278,17,1,1,0,0
1994.96,11,19,0,0,484,25,0,0,1,0
1243.12,9,14,0,0,419,24,1,0,0,0
4889.41,4,21,1,0,478,32,1,0,0,0
1302.56,5,14,0,0,347,16,0,0,0,0
502.52,11,9,0,0,809,48,0,0,0,0
3042.16,5,10,0,0,520,27,1,0,0,0
733.0,7,16,0,0,328,20,1,0,0,0
2096.11,11,21,0,0,389,17,0,0,0,0
1791.66,7,5,0,0,1089,48,0,1,0,0
1860.84,4,7,0,0,765,33,0,0,0,0
32891.29,6,15,1,0,272,7,0,0,0,0
4705.14,3,18,0,0,395,18,2,0,1,0
5683.78,6,9,0,0,805,43,0,0,0,0
752.65,6,15,0,0,141,6,0,0,0,0
2312.39,3,0,0,0,232,15,1,0,0,1
5515.42,7,7,0,0,611,35,0,0,0,0
1596.34,6,22,0,1,175,8,0,0,0,0
11026.57,5,13,0,0,270,12,1,0,0,0
1335.82,0,20,0,0,379,25,0,0,0,0
3339.69,3,5,0,1,555,32,0,0,0,0
2474.88,12,6,1,0,109,8,1,0,0,0
5241.28,5,23,0,0,581,28,1,1,0,0
2343.76,4,23,0,0,355,10,1,0,0,0
3391.77,4,21,0,0,373,10,0,0,0,0
3511.75,5,7,1,0,79,5,1,0,0,0
2133.7,8,19,1,0,312,17,0,0,0,0
7223.49,4,11,0,0,123,4,0,0,0,0
5644.23,2,20,0,0,855,40,1,0,0,0
4069.95,5,20,0,0,255,14,1,0,0,0
2891.53,5,10,0,0,737,26,2,0,0,0
9862.98,3,7,0,0,366,21,1,0,0,0
3512.79,6,23,1,0,744,40,2,0,0,0
3272.48,8,10,1,0,53,3,0,0,0,0
4937.87,5,10,0,0,166,10,0,1,0,0
24260.06,4,15,0,0,709,36,0,0,0,0
1164.03,7,22,0,0,969,41,0,0,0,0
9603.25,10,3,0,0,282,16,1,0,0,0
669.7,8,23,0,0,213,5,0,0,0,0
5526.3,6,10,0,0,102,10,0,1,0,0
21484.41,8,0,0,0,68,4,0,0,0,0
7249.36,6,7,0,0,62,1,0,0,0,0
5274.43,3,11,0,0,332,22,1,0,0,0
2539.06,9,16,1,0,317,19,0,0,0,0
4587.3,2,13,0,0,123,3,2,0,0,0
3456.24,2,3,0,0,188,6,0,0,0,0
2026.41,6,11,0,0,259,14,0,1,0,0
3327.99,4,5,0,0,50,2,1,0,0,0
5422.87,6,6,0,0,379,23,0,0,0,0
2064.79,8,17,0,0,414,16,0,0,0,0
1985.68,6,19,0,1,487,23,2,0,0,1
1141.11,10,3,0,0,457,25,1,0,0,0
6573.0,5,14,0,0,296,13,0,0,0,0
7671.93,5,10,0,0,849,35,0,0,0,0
5606.38,7,8,0,0,220,8,0,0,0,0
11674.6,8,17,0,0,450,19,0,0,0,0
4855.5,6,5,0,0,117,8,0,0,0,0
6581.45,4,18,0,0,119,4,0,0,0,0
6025.99,7,9,0,0,427,23,1,0,0,0
4058.06,10,2,0,1,148,9,1,0,0,0
2615.42,7,19,0,0,423,20,2,0,0,0
40706.89,5,20,0,0,440,20,0,0,0,0
2830.05,8,13,0,0,907,40,0,0,0,0
2285.0,12,17,0,0,109,3,0,0,0,1
6863.75,9,3,1,0,94,7,0,0,0,0
5720.75,3,8,0,0,345,25,1,0,0,0
1091.39,5,8,1,0,696,28,0,0,0,0
13666.16,8,18,0,0,333,22,0,0,0,0
4047.3,4,8,0,0,1553,70,1,0,0,0
1464.21,3,17,0,0,417,23,0,0,0,0
14600.11,6,7,0,1,396,14,1,0,0,0
8313.83,6,14,0,0,257,16,1,0,0,0
1255.71,7,5,1,0,463,17,0,0,0,0
26296.28,6,13,0,0,681,33,0,0,1,0
8593.81,4,1,0,0,367,20,1,0,0,0
4401.95,5,17,0,0,638,33,0,0,0,0
21812.07,6,0,0,0,364,19,0,0,0,0
5215.02,6,23,0,0,102,9,0,0,0,0
4323.92,4,20,0,0,83,3,1,0,0,0
2297.78,3,13,0,0,528,27,0,0,0,0
7957.34,5,21,0,0,375,16,0,1,0,0
7162.42,9,19,0,0,665,31,0,0,1,0
4512.83,7,3,1,0,541,49,0,0,0,0
2018.31,5,17,0,1,82,7,0,0,0,0
5064.09,6,9,0,0,227,5,0,0,0,0
4147.25,2,20,0,0,153,4,0,0,0,0
1172.07,6,20,0,0,322,12,1,0,0,0
1020.64,4,22,0,0,301,19,2,0,0,0
7825.58,10,10,0,0,74,6,0,0,0,0
329.68,4,4,0,0,210,8,0,0,0,0
5461.13,5,3,0,0,211,14,0,0,0,0
2757.05,4,3,0,0,442,30,0,0,0,0
16452.73,4,23,0,0,311,16,1,1,0,0
2714.96,6,14,0,0,186,9,0,0,0,0
8599.71,6,8,0,0,163,9,0,0,0,0
2990.17,4,10,0,0,72,3,1,0,0,0
4982.8,8,4,1,0,526,29,0,1,1,1
9291.33,8,13,0,1,536,19,0,0,0,0
2800.19,3,10,0,0,707,37,2,0,0,0
12046.81,7,19,0,0,201,8,0,0,0,0
1646.33,5,0,0,0,848,51,1,0,0,0
5970.54,3,22,0,0,533,26,0,0,0,0
11188.48,5,1,0,0,579,30,0,0,0,0
8604.47,10,10,0,0,245,14,0,0,0,0
30225.61,1,8,0,0,232,7,1,0,0,0
2072.6,3,17,0,1,489,21,0,0,0,0
1119.74,9,15,0,0,723,42,0,0,0,0
1645.28,7,4,0,0,850,45,0,0,0,0
8607.96,11,11,0,0,774,38,0,0,0,0
7316.76,7,12,0,0,435,31,1,0,0,0
4925.87,4,11,0,0,116,9,0,0,0,0
1446.7,2,0,0,0,14,1,0,0,0,0
9574.58,1,4,0,1,562,24,0,0,0,0
1306.75,6,12,0,1,162,6,1,1,0,0
14170.95,5,6,0,0,1039,38,0,0,0,0
77453.92,3,13,0,0,756,40,2,0,0,1
6415.36,7,3,0,1,332,19,0,0,0,0
7967.36,10,17,0,0,358,18,0,0,0,0
2716.61,7,4,0,0,495,22,0,0,0,0
727.63,9,15,0,0,350,10,2,0,0,0
2433.97,4,20,0,1,518,27,0,0,0,0
1490.85,3,8,0,0,327,12,0,0,0,0
1046.28,9,3,0,0,230,12,0,0,1,0
24893.45,5,0,0,0,163,14,0,0,0,0
5842.2,3,8,1,0,241,13,1,0,0,0
6500.85,7,2,0,1,381,18,0,0,0,0
3264.88,6,21,0,0,151,10,0,0,0,0
3741.08,5,23,0,0,615,31,0,0,0,0
11667.36,7,23,0,0,383,20,0,1,0,0
4305.56,4,22,0,0,277,18,0,1,0,0
7560.51,8,14,0,0,146,13,0,0,0,0
3655.53,8,7,0,0,655,27,0,0,0,0
3158.48,4,10,0,0,825,34,0,0,0,0
1089.08,7,6,0,0,31,0,0,0,0,0
615.39,7,20,0,0,362,13,0,0,0,0
3423.57,4,10,0,0,733,41,0,0,0,0
4705.54,4,9,0,0,499,27,1,0,0,0
1228.89,5,16,0,1,83,5,0,0,0,0
4296.37,7,8,0,0,264,14,0,0,0,0
4692.65,9,8,0,0,131,4,0,0,0,0
514.91,6,5,0,0,150,5,0,0,0,0
1780.9,6,1,0,0,338,18,0,0,0,0
6682.61,2,0,1,1,459,21,0,0,0,0
6548.94,1,9,0,1,208,13,0,0,0,0
1402.94,4,23,0,0,315,13,0,0,0,0
5210.59,7,6,0,0,458,26,0,0,0,0
12362.31,2,15,0,0,86,3,1,0,0,0
9672.8,0,7,0,0,148,9,0,0,0,0
4042.89,6,7,0,0,171,10,0,0,1,0
2785.06,3,3,0,0,244,9,0,0,1,0
2370.02,5,13,0,0,268,19,1,0,0,0
7099.79,3,15,0,0,345,16,0,0,0,0
5405.13,4,8,0,0,209,6,1,0,0,0
8344.88,5,12,0,0,482,19,0,0,0,0
5073.94,4,11,0,0,223,10,1,0,0,1
10084.59,4,6,0,1,117,5,0,0,1,0
4888.26,3,16,0,0,189,9,1,1,0,0
9746.75,7,13,1,0,131,3,0,0,0,0
10623.49,2,1,0,0,41,0,0,0,0,0
1989.17,3,11,0,0,968,45,1,0,0,0
729.13,5,9,0,0,40,2,0,0,0,0
20816.33,7,19,0,0,234,8,0,0,1,0
5748.3,12,7,0,0,311,12,0,0,0,0
800.72,7,22,0,1,303,8,0,1,1,0
2178.04,8,14,0,0,35,0,2,0,0,0
9622.64,2,3,0,0,337,19,1,0,1,0
3362.11,11,9,0,0,653,30,0,0,1,0
2664.94,6,21,0,0,85,3,1,0,0,0
18049.66,12,6,0,0,331,19,1,0,0,0
1560.42,8,16,0,0,336,25,1,1,0,0
2001.89,4,18,0,0,281,14,0,0,0,0
5493.86,2,16,0,1,1058,56,0,0,0,0
6571.22,6,2,0,0,275,7,0,0,0,0
7305.21,8,8,0,0,195,8,0,0,0,0
11061.63,8,8,0,0,64,5,0,0,0,0
5423.94,5,8,0,1,718,39,1,0,1,1
7254.55,11,21,0,0,129,7,0,0,0,0
3431.63,7,0,0,0,369,30,0,1,0,0
4734.82,4,12,0,0,771,50,0,1,0,0
4951.94,10,23,0,0,432,15,0,0,0,0
5514.29,6,21,0,0,79,5,0,0,0,0
9629.05,7,14,0,0,499,21,0,0,1,0
7747.66,3,23,0,0,185,11,0,0,0,0
4648.11,8,9,0,0,472,24,1,0,0,0
1980.04,4,14,0,0,963,48,0,0,0,0
4758.42,5,13,0,0,444,24,0,0,0,0
4324.2,3,1,0,0,298,15,1,0,0,0
5394.75,6,0,0,1,21,1,2,0,0,0
40397.59,3,21,0,0,166,10,3,0,0,0
2633.92,5,4,0,0,123,4,1,0,0,0
6783.78,6,8,1,0,439,24,0,0,0,0
12944.96,5,14,0,0,741,31,0,0,0,0
4904.96,10,13,0,0,408,17,0,0,0,0
46066.68,7,12,0,0,333,20,0,0,0,0
3047.15,3,23,0,0,330,12,1,0,0,0
6149.27,4,18,0,0,289,15,0,0,0,0
2000.58,5,22,0,0,686,40,1,0,0,0
3129.02,3,15,0,0,523,29,0,1,0,0
5704.06,4,23,0,1,822,42,0,0,1,0
10366.18,9,14,0,1,769,37,0,0,0,0
6118.64,7,13,0,0,1168,51,0,0,0,0
15663.91,7,19,0,0,591,31,0,0,0,0
4044.18,3,20,0,0,532,33,0,0,0,0
3190.18,7,1,1,0,302,19,0,0,0,1
66435.39,3,21,0,0,341,18,0,0,0,0
6596.13,8,16,0,0,636,35,1,0,0,0
2165.74,6,21,0,0,248,16,0,0,1,0
2221.05,6,17,0,0,706,44,0,0,1,0
1732.5,5,22,0,0,299,8,1,0,0,0
11345.42,8,6,0,0,355,13,1,0,1,0
3089.06,4,4,0,0,918,57,0,0,0,0
5051.11,7,4,0,0,541,30,0,0,1,0
4173.42,3,6,0,0,364,11,0,0,0,0
9241.8,8,5,0,0,1080,52,1,0,0,0
1906.94,3,10,1,0,209,12,0,0,0,0
1516.91,9,4,0,0,172,13,0,0,0,0
5565.25,5,3,0,0,164,9,0,0,0,0
8110.86,11,12,0,0,397,22,1,0,0,0
6201.41,8,19,0,0,348,26,0,0,0,0
1979.39,5,3,0,0,447,29,1,1,0,0
8755.92,5,12,0,0,68,3,0,0,1,0
2113.58,8,15,0,0,75,3,0,0,0,0
2639.81,2,16,0,0,172,8,1,0,1,0
1730.29,11,2,0,0,398,24,0,0,1,0
16336.52,4,17,0,0,244,13,0,1,0,0
8378.48,6,0,0,0,125,6,0,0,0,0
8143.65,7,5,0,0,153,11,0,0,0,0
15478.56,7,7,0,1,555,30,0,0,0,0
74061.36,8,20,0,0,823,41,1,0,0,0
804.94,9,4,0,0,260,15,0,0,0,0
2125.2,6,18,0,0,129,10,1,0,0,0
2401.44,4,23,0,0,413,24,2,0,0,0
1899.19,5,23,0,0,1000,41,2,0,0,0
1513.86,6,7,1,0,367,22,1,0,0,0
3295.61,3,2,0,0,390,15,0,0,0,0
1317.37,4,5,0,0,306,11,1,0,0,0
6217.0,4,18,0,0,471,16,0,0,0,0
4683.02,4,4,0,1,390,18,0,0,0,0
7194.19,14,15,0,0,59,4,0,0,0,0
7388.86,8,8,0,0,463,18,0,0,0,0
8127.49,4,18,0,0,370,16,0,0,0,0
3061.29,3,14,0,0,140,12,2,0,0,0
37091.51,11,14,1,0,199,13,0,0,0,0
5621.93,8,18,0,1,89,1,1,0,0,0
690.57,2,22,0,0,513,30,0,0,0,0
1632.1,5,8,0,1,606,27,0,0,0,0
780.16,11,12,1,0,415,19,0,0,0,0
4524.83,6,15,0,0,252,12,0,0,0,0
3937.08,6,19,0,0,341,18,1,0,0,0
2783.81,7,11,0,0,407,22,0,0,0,0
33220.62,12,8,0,0,402,16,0,0,0,0
7700.06,8,20,0,0,548,36,0,0,0,0
9192.09,9,22,0,0,207,6,0,1,0,0
1752.72,7,13,0,0,369,22,0,0,0,0
1637.38,5,2,1,0,169,14,0,0,0,1
4613.79,5,6,0,0,514,20,0,0,0,0
5287.0,5,11,0,0,182,8,0,0,0,0
694.84,5,16,0,0,1081,51,2,0,0,0
3713.36,4,16,0,0,346,12,0,0,0,0
4510.09,3,19,0,1,249,9,1,0,0,0
3586.21,8,0,0,0,214,14,0,0,0,0
1971.62,1,11,1,0,342,17,1,0,0,0
2592.73,7,16,0,0,927,52,0,0,0,0
3726.19,6,23,0,0,144,9,0,0,0,0
4869.76,5,3,1,0,520,26,1,0,0,0
8142.0,3,21,0,0,174,9,1,0,0,0
13106.4,7,0,0,0,126,6,0,0,0,0
3313.14,3,4,0,0,449,18,0,0,0,0
2818.17,6,20,0,1,256,18,0,0,0,0
6888.82,6,18,1,0,325,20,0,0,0,0
8191.44,7,23,0,0,423,20,0,0,0,0
2880.73,10,14,0,0,927,53,0,1,0,0
9802.51,4,14,0,0,508,25,0,0,1,0
11844.1,5,12,1,0,256,7,0,0,0,0
16182.51,6,12,0,0,549,25,0,0,0,0
26326.23,10,12,0,0,110,7,0,0,0,0
1869.79,5,7,0,1,289,10,1,0,0,0
4509.3,5,20,0,0,227,12,0,1,0,0
4497.5,5,8,1,0,1208,75,0,0,0,0
4031.63,6,14,0,0,171,15,0,0,0,0
2323.28,8,16,0,0,505,18,0,0,0,1
1006.71,4,12,0,0,216,11,0,0,0,0
4878.92,8,14,0,0,162,8,1,0,0,0
2062.44,3,1,0,0,189,9,0,0,0,1
4846.41,6,7,0,0,365,18,0,0,0,0
2010.13,4,10,0,0,315,18,2,0,0,0
1480.81,5,9,0,0,254,12,0,1,0,0
5621.19,4,21,1,0,623,50,1,0,0,0
5171.52,6,21,0,0,275,9,1,0,0,0
7936.93,3,17,0,0,590,28,0,0,0,0
39571.47,6,8,0,0,331,14,0,0,0,0
5868.12,6,1,0,1,140,5,0,0,0,0
7223.41,10,18,0,0,356,17,1,0,0,0
1513.89,4,21,0,0,353,12,0,0,0,0
1227.94,2,11,0,0,1368,65,0,0,0,0
21651.49,4,19,0,0,767,39,1,0,0,0
1766.08,3,22,0,0,859,44,2,0,0,0
1565.65,7,13,0,0,314,17,0,0,0,0
4276.55,6,5,0,0,214,12,0,0,0,0
4063.53,3,0,0,0,279,8,0,0,0,0
1803.52,3,18,0,0,266,10,1,0,0,0
3278.12,8,13,1,0,602,26,0,0,0,0
15204.94,6,3,0,0,224,12,0,0,0,0
1986.26,9,1,0,0,554,28,0,0,0,0
1103.59,4,23,0,0,664,34,0,0,0,0
11413.97,7,7,0,0,471,19,0,0,0,0
7275.71,10,7,0,1,118,4,0,0,0,0
2391.03,5,15,0,0,450,21,1,0,0,0
914.0,5,8,0,0,107,5,1,0,0,0
2111.97,3,21,0,0,347,12,1,1,0,0
4210.33,4,16,0,0,284,12,0,0,0,0
14266.54,7,8,0,0,488,21,0,0,0,0
1577.22,2,6,0,0,242,12,0,0,0,0
4086.65,3,20,0,0,220,5,0,0,0,0
8735.45,3,14,1,0,245,12,0,0,0,0
411.06,3,22,0,0,260,14,0,0,0,0
12503.78,10,8,0,0,105,5,2,0,0,0
1363.14,2,0,0,0,684,34,1,0,0,0
6198.08,7,21,0,0,272,8,0,0,0,0
5691.24,4,5,0,0,555,29,0,0,0,0
13155.38,6,20,0,0,440,19,0,0,0,0
7715.02,9,17,0,0,282,17,0,0,0,0
412.7,8,5,0,1,233,14,0,1,0,0
2028.84,5,18,0,0,97,5,0,0,0,0
5106.17,2,1,0,0,203,5,2,0,0,0
3659.27,2,9,0,0,121,1,0,0,0,0
7169.64,8,8,0,0,152,6,0,0,1,0
9792.45,6,15,0,1,546,31,0,0,0,0
8171.86,4,12,0,1,236,6,0,0,0,0
3589.35,10,14,0,1,183,6,0,1,0,0
701.81,4,11,0,0,242,8,0,1,0,0
2820.07,4,17,0,0,120,8,0,0,0,0
6743.73,4,3,0,0,135,9,1,0,1,0
1494.51,8,17,0,0,593,26,0,0,0,0
8360.51,2,1,0,0,810,32,1,0,0,0
11030.21,5,2,0,0,318,20,0,0,0,0
5048.6,6,17,0,1,66,2,1,0,0,0
207.73,4,3,0,0,776,47,0,0,0,0
1238.82,6,18,0,1,1030,52,0,0,0,0
29324.81,7,3,0,0,398,20,0,1,0,0
2574.63,2,3,0,1,194,4,1,0,0,0
611.46,8,22,0,0,554,26,2,0,0,0
15294.48,6,4,0,0,306,11,0,0,0,0
4506.86,7,21,0,0,514,36,0,0,1,0
13425.89,8,8,0,1,84,3,0,0,1,0
5866.18,6,19,0,0,226,14,0,0,0,0
7034.34,12,22,1,0,116,7,0,0,0,0
6393.32,5,2,0,0,154,8,0,0,0,0
8932.83,5,7,0,0,80,3,0,0,0,0
43365.98,5,13,0,0,155,5,0,0,0,0
11742.93,6,20,0,0,676,33,1,0,0,0
915.67,5,4,0,0,171,8,0,0,0,0
6951.14,3,4,0,1,78,5,0,0,0,0
13925.55,2,8,0,0,169,7,1,0,0,0
14804.71,6,4,0,0,85,2,0,0,1,1
2902.7,4,6,0,0,328,18,0,0,0,0
14256.16,4,3,0,1,175,7,0,0,0,1
11245.71,9,19,0,0,263,9,0,0,0,0
58251.05,4,19,0,0,195,9,0,0,0,0
2100.64,6,3,1,0,263,16,0,0,0,1
2677.39,6,12,0,0,74,6,0,0,0,0
3274.37,7,15,0,0,161,9,0,0,0,0
2723.79,8,15,0,0,450,19,0,0,0,0
1826.18,8,23,0,0,478,21,0,0,0,0
280.71,1,15,0,0,275,16,0,1,0,0
2879.29,3,16,1,0,290,19,2,0,0,0
6434.04,12,0,0,0,57,1,0,0,0,0
2715.63,9,1,0,0,390,23,0,0,0,0
30803.43,7,14,1,0,671,29,0,0,0,1
4506.95,4,21,0,0,85,9,0,0,0,0
16171.88,5,9,0,0,528,33,0,0,0,0
5775.73,9,15,0,0,83,6,0,0,0,0
10161.97,5,5,0,0,322,13,0,1,0,0
5879.59,8,10,0,0,72,5,0,0,0,0
17479.51,10,18,0,1,95,3,1,0,0,0
4702.92,3,15,0,0,151,6,0,0,0,0
7303.59,4,2,0,0,131,8,0,0,0,0
6414.61,5,21,0,0,626,38,0,0,0,0
3333.29,7,22,0,0,339,20,0,0,0,0
6667.38,8,11,1,0,137,11,0,0,0,0
41538.93,2,8,0,0,452,18,0,1,0,0
3393.45,7,12,0,0,505,27,1,0,0,0
6764.64,9,19,0,0,404,15,0,1,0,0
15643.0,7,10,1,1,366,21,0,0,0,1
13908.47,16,0,0,1,369,17,1,0,0,0
4499.48,6,1,0,1,130,6,0,0,0,0
410.19,3,19,0,1,320,18,1,0,0,1
7455.47,7,18,1,0,628,24,0,1,0,0
483.25,3,18,0,0,888,52,1,0,0,0
19340.12,7,3,0,0,289,24,0,0,0,0
5268.36,2,4,0,0,186,6,0,0,0,0
12084.44,2,9,0,0,148,6,0,0,0,0
1804.23,7,5,0,0,597,25,1,0,0,0
941.52,1,9,0,0,148,5,0,0,0,0
5771.89,7,13,0,0,255,12,2,0,0,0
4300.11,4,6,0,0,252,13,0,0,0,0
2720.2,3,2,0,0,493,23,0,0,0,0
4839.96,2,9,0,0,386,24,1,0,0,0
70787.37,2,17,0,0,1026,45,0,0,0,0
10244.8,6,14,0,0,379,14,1,0,0,0
12701.8,3,7,0,0,610,28,0,0,0,0
10341.67,10,7,0,0,211,7,0,0,0,0
19525.22,8,14,0,0,381,20,0,1,0,0
3677.28,5,4,0,0,635,37,0,0,0,0
569.77,4,20,0,0,580,23,0,0,1,0
3682.75,2,20,0,1,100,3,0,0,0,0
10013.96,7,0,0,0,134,9,0,0,0,0
1686.14,4,23,0,0,390,15,2,0,0,0
3728.03,4,0,0,0,259,14,0,0,0,0
2226.6,4,11,0,0,309,22,1,0,0,0
19970.86,4,16,0,0,250,10,0,0,0,1
9409.33,5,7,0,0,551,35,0,0,0,0
8531.67,5,4,0,0,350,20,1,0,0,0
8280.03,9,1,0,0,275,11,1,0,0,0
4284.46,3,17,0,0,1249,54,0,0,0,0
5418.4,7,0,0,0,626,32,2,0,0,0
1359.42,6,11,0,0,720,36,0,0,0,0
499.48,14,9,0,1,123,8,1,0,0,0
5167.17,3,23,0,0,1309,65,0,0,1,0
6148.66,4,22,0,0,1206,51,1,1,0,0
14902.21,4,19,0,0,543,30,0,0,0,0
21404.06,7,17,0,0,343,14,0,0,0,0
21375.45,7,13,0,0,177,4,0,0,0,0
1639.22,7,8,0,1,583,32,1,0,0,0
3126.7,3,3,1,0,1051,48,0,1,0,0
7189.19,11,23,0,0,353,15,0,0,1,0
55932.71,8,9,0,0,134,4,1,0,1,0
19537.66,3,10,0,0,315,11,1,0,0,0
13621.4,8,3,0,0,220,11,0,0,0,0
3017.58,8,6,1,0,152,12,1,0,0,0
1838.67,4,15,1,0,77,6,0,0,0,0
9787.96,4,10,0,0,971,51,0,0,0,0
1479.32,6,14,1,1,762,52,0,0,0,0
3503.66,7,5,0,0,243,19,0,0,0,0
3964.85,6,1,0,0,35,2,0,0,0,0
21870.9,5,21,0,0,438,29,0,0,0,0
3119.11,2,10,0,0,807,42,0,0,0,0
387.9,7,8,0,0,1038,58,0,0,0,0
7364.63,5,6,0,0,433,25,0,0,1,0
2210.51,4,15,0,0,179,8,0,1,0,0
4640.75,7,13,0,0,390,18,0,0,0,0
4077.73,7,9,0,0,284,14,1,0,0,0
3382.25,4,22,0,0,254,12,0,0,0,0
9801.99,10,21,0,0,695,27,1,0,0,0
960.19,11,4,0,0,449,20,0,0,1,0
2651.78,4,15,0,0,104,9,0,0,0,0
8813.48,4,23,0,0,700,35,0,0,1,0
2406.47,8,11,0,0,973,47,0,0,0,0
889.97,7,0,0,0,170,14,0,1,0,0
8678.08,8,3,0,0,439,16,1,0,0,0
13671.86,8,16,0,0,277,12,1,0,0,0
4251.4,4,21,0,0,71,2,0,0,0,0
625.88,4,3,0,0,390,18,1,0,1,1
9008.91,10,13,0,0,563,36,1,0,0,0
845.66,6,11,0,0,392,15,0,0,0,0
6055.97,6,6,0,0,781,49,1,0,0,0
1830.85,9,15,0,0,372,19,1,0,0,0
1394.32,5,21,0,0,72,6,0,0,0,0
2858.61,6,5,0,0,192,13,0,0,0,0
3702.27,7,1,0,0,648,29,0,0,0,0
2335.06,8,8,0,0,20,3,0,0,0,0
8012.06,4,7,0,0,203,10,0,1,0,1
2846.74,6,17,0,0,381,11,0,0,0,0
11851.28,7,12,0,1,653,34,0,0,0,0
5890.95,6,0,0,0,837,44,0,0,0,0
2213.75,5,8,0,1,273,17,0,0,0,0
1870.69,8,17,0,0,327,13,0,0,1,0
856.2,5,11,0,0,214,5,0,0,0,0
5947.54,10,13,0,0,347,19,0,0,0,0
3119.45,10,6,0,1,119,6,0,0,0,0
414.8,4,7,1,0,458,19,0,0,0,0
2602.65,6,3,0,0,26,1,0,0,0,1
1806.17,10,1,0,0,427,22,0,0,0,0
21497.19,3,0,0,1,281,13,0,0,0,0
810.15,4,14,0,0,666,39,0,0,1,0
1052.21,3,3,0,0,553,31,0,0,0,0
13493.58,4,13,0,0,245,18,1,0,1,0
17270.64,7,22,0,0,530,32,0,0,0,0
2111.21,5,16,0,0,128,9,1,0,0,0
2363.54,4,13,0,0,81,3,0,0,0,0
8235.71,7,2,0,0,420,22,1,0,0,0
433.94,7,11,1,0,76,4,0,0,0,0
691.46,4,21,0,0,888,48,0,1,0,0
3358.56,3,9,0,0,56,1,0,0,0,0
20949.93,6,19,0,0,630,31,0,0,0,0
2876.33,5,17,0,0,281,17,0,0,0,0
4919.38,6,6,0,0,470,25,0,0,0,0
13818.86,6,3,0,0,353,23,2,0,0,0
36566.39,6,0,0,0,204,12,0,0,0,0
2497.76,9,6,0,0,178,9,0,0,0,0
4372.82,3,7,0,0,493,23,0,0,0,0
27503.13,7,15,0,0,673,39,1,0,0,0
970.49,4,13,1,0,388,21,1,0,0,0
12426.43,2,11,0,0,458,24,0,0,0,0
1606.29,5,17,0,0,369,19,0,0,0,0
4926.93,7,18,0,0,104,3,1,0,0,0
3489.04,5,17,0,0,112,3,1,0,0,1
1706.14,13,21,0,0,836,38,1,0,0,0
1663.86,6,8,0,0,281,11,0,0,0,0
5862.99,7,19,0,0,614,25,0,0,0,1
12034.58,9,10,0,0,234,17,3,0,0,0
3905.98,7,4,0,0,160,9,0,0,0,0
4770.06,9,3,0,0,230,7,0,0,0,1
7872.84,5,2,0,0,517,28,0,0,0,0
1683.08,3,22,1,0,175,5,1,0,0,0
9317.9,7,4,0,0,371,26,1,0,0,0
10090.43,8,20,0,0,462,22,0,0,0,0
60091.66,3,18,0,1,326,14,1,1,0,0
3053.05,4,10,0,0,365,9,0,0,0,0
2812.75,11,21,0,0,372,20,0,0,1,0
9594.7,9,21,0,0,172,4,1,1,0,0
10088.02,4,22,0,0,262,9,0,0,0,0
2604.28,5,11,0,0,163,13,0,0,0,0
2971.55,6,7,0,0,252,11,0,1,0,0
7639.83,3,1,0,0,548,34,0,0,0,0
1943.83,2,20,0,0,544,24,0,0,0,0
2949.72,6,20,0,1,376,21,0,0,0,0
4863.88,1,12,0,1,317,16,0,1,0,0
12039.39,5,1,0,0,442,21,0,0,0,0
2429.4,6,19,0,0,364,23,0,0,1,0
704.59,12,7,0,1,250,15,0,0,0,0
654.19,8,13,0,0,306,12,0,0,0,0
1262.17,2,15,0,1,131,4,0,0,0,0
1196.11,6,3,0,0,118,6,2,0,0,0
3810.02,7,1,0,1,762,39,0,0,0,0
1354.41,2,1,0,0,515,25,1,0,0,0
2202.27,1,23,0,0,211,10,1,0,0,0
2050.65,10,22,0,0,306,14,1,0,0,0
2862.62,19,10,0,0,237,7,0,0,0,0
16688.99,11,10,0,0,301,16,0,0,0,0
8620.92,4,9,0,0,522,22,1,0,0,0
4519.38,7,8,0,0,26,3,0,1,0,0
2804.48,8,13,0,0,427,21,0,1,0,0
2883.52,6,8,0,1,104,2,2,0,0,0
6171.8,9,14,0,0,1680,97,0,0,0,0
7975.81,7,9,0,0,604,23,1,0,0,0
1794.32,6,15,0,0,90,2,0,0,0,0
4612.29,6,22,0,0,93,9,0,0,0,0
583.11,9,4,0,0,187,11,0,0,0,0
5495.66,4,1,0,1,301,12,0,0,0,0
9529.52,12,12,0,0,176,3,0,0,0,0
3360.79,11,2,0,0,197,7,0,0,0,0
27351.51,8,5,0,0,35,1,0,0,0,0
1842.28,6,18,0,0,1249,56,1,0,0,0
5527.22,3,10,0,0,295,7,0,0,0,0
4290.57,9,13,0,0,918,37,0,0,1,0
4022.67,8,18,0,0,196,14,0,0,1,0
3966.65,8,3,0,0,1147,56,0,1,0,0
4949.81,5,11,0,0,459,25,0,0,1,0
10383.35,2,0,0,0,320,19,0,1,0,0
17636.68,9,11,0,0,821,33,0,0,0,0
4437.07,4,5,0,0,95,3,1,0,0,0
10049.88,7,21,1,0,308,9,0,1,0,0
2204.45,7,6,0,1,260,14,0,0,0,0
9565.86,4,4,0,0,607,29,1,0,0,0
2075.61,4,0,0,0,54,2,0,0,0,0
13235.53,10,3,0,0,219,9,1,0,0,0
40564.19,3,5,0,1,35,3,0,0,0,0
3935.98,6,5,0,0,230,10,0,0,0,0
496.44,10,17,0,0,727,29,1,0,0,0
2570.68,7,21,0,0,230,9,0,0,0,0
15242.99,10,20,0,0,158,7,0,0,0,0
7731.64,3,22,0,0,509,26,1,0,0,0
5703.95,8,21,0,0,168,10,1,0,0,0
12193.62,9,10,0,0,665,29,0,0,0,0
7218.87,7,9,0,0,893,47,0,0,1,0
15028.82,4,15,0,0,335,20,0,0,0,0
11152.55,11,7,0,0,449,29,0,1,0,0
20367.6,3,14,0,0,704,39,1,0,0,0
6366.44,5,23,1,1,327,15,2,0,0,0
10995.7,8,4,0,0,74,3,0,0,0,0
3271.07,9,18,0,0,753,53,0,0,0,0
2437.04,5,22,0,0,455,23,1,0,0,0
24508.31,5,12,0,1,248,7,0,0,0,0
5520.39,9,8,1,0,104,4,1,0,0,0
9945.55,7,6,1,0,230,12,0,0,0,0
5032.84,5,4,0,0,397,24,0,0,0,0
2473.73,5,7,0,0,432,16,0,0,0,0
4496.18,3,17,0,1,552,31,0,0,0,0
18694.68,7,12,0,0,786,38,0,0,0,0
7748.39,4,5,0,1,532,27,0,0,0,0
803.14,2,13,0,0,322,19,0,1,0,0
3585.87,3,19,0,0,197,10,0,0,0,0
26431.03,4,0,0,0,151,3,0,0,0,0
3591.06,4,0,0,0,584,30,0,0,0,0
734.74,9,23,0,1,307,19,0,0,0,0
29526.66,4,17,1,0,125,2,0,0,0,0
8798.99,5,13,0,0,435,25,0,0,0,0
4146.36,6,21,0,0,419,21,0,0,0,0
3067.39,5,14,0,0,1220,42,0,0,0,0
13126.02,4,12,0,1,39,1,1,0,1,0
2586.39,12,5,0,1,81,5,0,0,0,0
14020.23,8,19,0,0,44,2,1,0,0,0
7647.97,6,18,0,0,158,3,0,0,0,0
5679.86,5,7,0,0,302,11,0,0,0,0
5143.63,7,17,0,0,247,11,0,1,0,0
3733.24,3,17,0,0,839,48,0,0,0,0
12652.88,10,2,0,0,254,10,0,0,0,0
1871.8,6,3,0,1,51,1,0,0,0,0
878.38,4,14,0,0,1093,65,1,0,0,0
8220.94,7,14,0,0,587,27,0,0,0,0
8360.21,6,15,0,0,563,20,1,0,0,0
7188.52,8,8,0,0,105,6,1,0,0,0
6685.71,8,20,0,0,347,16,0,1,0,0
3227.49,6,10,0,0,737,19,0,0,1,0
9774.02,0,4,0,0,646,24,2,0,0,0
4249.01,11,2,1,0,170,6,0,0,0,0
2732.27,5,21,0,0,303,20,0,1,0,0
3255.52,11,16,0,0,648,33,2,0,0,0
33544.89,6,11,0,0,349,18,0,0,0,0
784.48,6,5,0,0,243,12,0,0,0,0
7330.42,14,2,0,0,121,3,0,0,0,0
829.56,9,3,0,0,303,18,0,1,0,0
3990.88,7,2,0,0,796,45,0,0,0,0
2882.38,9,12,0,0,727,47,0,0,0,0
552.79,1,4,0,0,411,22,0,0,0,0
6561.91,11,3,0,0,377,17,0,0,1,0
3041.06,10,6,0,0,541,27,1,0,0,0
545.0,3,16,0,0,387,20,0,0,0,0
10296.59,3,11,0,0,387,16,0,0,0,0
18676.22,11,3,0,0,78,4,0,0,0,0
19734.51,6,17,0,1,130,6,0,0,0,0
6367.46,9,11,0,0,496,23,1,0,0,0
4656.68,8,4,0,0,359,16,0,0,0,0
16783.59,6,16,1,0,326,12,1,0,0,0
23917.93,4,23,0,0,240,7,0,0,0,0
13815.81,8,12,0,0,791,44,0,0,0,0
1734.48,9,3,0,0,506,38,0,0,0,0
5438.97,4,7,0,0,442,21,1,0,0,0
6901.65,6,14,0,0,122,12,2,0,1,0
728.06,4,23,1,0,441,21,0,0,0,0
7110.73,4,22,0,0,1403,75,1,0,0,0
43173.92,4,22,0,0,60,2,0,0,0,0
8433.24,8,19,0,0,583,28,0,0,0,0
19407.47,8,13,0,1,327,16,2,0,0,0
5339.65,4,15,0,0,321,11,0,0,0,0
4133.09,9,17,0,0,684,34,0,0,0,0
6511.15,5,17,0,0,168,6,1,0,0,0
1966.82,3,15,0,0,239,13,0,0,1,0
1696.33,3,3,0,0,276,10,0,0,0,0
15776.94,5,21,0,0,157,9,1,0,0,0
17541.81,5,0,0,0,268,16,1,0,0,0
1650.6,4,10,0,1,175,5,0,0,0,0
11707.66,11,10,0,1,335,10,0,0,0,0
4076.69,5,23,0,0,595,34,0,0,0,0
6246.7,2,2,0,0,152,5,1,0,0,0
7046.02,5,11,0,0,366,22,2,0,0,0
12020.28,4,8,0,0,313,12,0,0,1,0
4830.56,6,2,0,0,303,18,1,0,0,0
18217.94,4,5,0,0,143,9,0,0,0,0
6059.68,7,10,1,0,690,38,0,0,0,0
8301.44,6,21,0,0,690,37,0,0,0,0
1932.82,3,9,0,0,298,14,0,0,0,0
38509.45,14,21,0,0,558,24,2,0,1,1
7114.04,11,17,0,1,196,11,0,0,0,0
9072.45,12,19,0,0,602,28,0,0,0,0
890.53,7,20,0,0,149,11,1,0,0,0
1953.34,11,17,0,0,129,3,0,0,0,0
15334.86,8,17,0,0,346,15,1,0,0,0
5924.73,10,3,0,0,990,58,0,0,0,0
656.04,3,17,0,0,120,13,0,0,0,0
12560.22,8,1,0,0,64,5,1,1,0,0
2581.74,5,17,0,0,595,28,1,0,0,0
18238.99,7,15,0,1,360,18,0,0,0,0
4073.12,5,18,1,0,389,17,0,0,1,0
5457.28,6,15,0,0,246,15,0,0,0,0
14457.3,7,8,0,0,474,21,0,0,0,0
1812.58,6,8,0,0,559,20,0,0,0,0
1647.73,6,14,0,0,95,9,0,0,0,0
3653.72,8,11,0,0,78,3,0,0,0,0
10169.75,4,8,0,0,133,5,0,0,0,0
1175.12,3,11,0,1,190,7,0,0,0,0
838.79,5,12,0,0,279,20,1,1,0,0
10134.7,4,5,0,0,353,22,0,0,0,0
2433.34,6,15,0,0,505,16,2,0,0,0
3004.22,6,7,0,1,189,6,1,0,0,0
694.5,5,6,0,0,576,31,0,0,0,0
2255.26,12,10,0,0,359,20,0,0,0,0
4413.54,6,2,0,0,403,22,0,0,0,0
11275.39,7,14,0,0,95,7,0,0,0,0
2056.52,2,17,0,1,157,7,1,0,0,0
23327.22,5,22,0,0,234,6,1,1,0,0
2242.72,6,6,0,0,1716,78,1,0,0,0
2246.0,3,12,0,0,568,23,0,0,0,0
20689.0,6,12,0,0,292,20,0,0,0,0
5494.27,7,17,0,0,202,13,0,0,0,0
2560.54,3,14,0,0,1022,50,0,1,0,0
3808.03,7,19,0,1,374,24,1,0,0,0
17207.03,8,20,0,0,161,8,1,0,0,0
19268.04,8,2,0,0,129,3,0,0,0,0
1964.92,9,8,0,0,453,23,0,0,0,0
4262.31,3,15,0,0,290,19,0,1,0,0
4866.63,3,13,0,0,656,41,0,0,0,0
1658.65,4,11,0,0,117,6,0,0,0,0
4206.2,7,4,0,0,581,34,0,0,0,0
4470.8,9,13,0,0,616,23,0,1,0,0
13907.86,10,17,0,0,753,37,0,0,0,0
14874.82,9,0,0,0,178,11,0,0,1,0
3199.63,11,14,1,0,583,29,0,0,0,0
3590.5,8,21,0,1,240,12,0,1,0,0
8641.16,2,13,1,0,145,10,0,0,0,0
2477.02,9,22,0,1,296,15,0,0,0,0
8011.55,9,8,0,0,43,5,0,0,0,0
4072.83,9,0,0,0,402,19,0,0,0,0
1686.82,7,16,0,1,304,12,1,0,0,0
1708.15,3,5,0,0,87,7,0,0,0,0
18902.67,8,0,0,1,409,23,0,1,0,0
3803.13,9,4,0,0,560,24,0,0,0,0
22933.5,7,22,0,0,278,19,0,0,0,0
2660.75,4,18,0,0,220,10,0,0,0,0
5950.35,9,6,0,0,463,22,0,0,0,0
48663.12,3,14,0,0,819,51,1,0,0,0
1544.74,1,8,0,0,267,12,2,0,0,0
666.6,5,4,0,0,1093,59,0,0,0,0
16100.25,4,23,0,0,687,33,0,0,0,0
1945.34,7,19,0,0,229,15,1,0,0,0
4355.93,6,8,0,0,165,10,0,0,0,0
2475.21,9,8,0,0,475,28,0,0,0,0
5814.81,7,19,0,0,120,10,0,0,0,0
1718.94,2,11,0,0,120,3,0,0,0,0
3714.72,8,9,0,0,239,5,0,0,0,0
6973.1,7,9,0,0,227,9,0,0,0,0
1622.45,10,10,0,1,959,47,0,0,0,0
2208.16,7,12,0,0,608,29,1,0,0,0
3142.01,4,0,0,0,624,30,0,1,0,1
1065.48,6,11,0,0,463,37,0,0,0,0
2914.46,6,10,0,1,239,8,0,0,0,0
5008.02,8,6,0,1,275,9,0,0,0,0
2982.3,5,8,0,0,435,21,0,0,0,0
3390.13,8,10,0,0,143,2,1,1,0,1
4359.44,7,8,0,1,142,5,0,0,0,0
2308.28,9,21,0,0,566,26,0,0,0,0
8875.61,3,12,0,0,499,16,0,0,0,0
18694.38,6,12,0,0,133,7,0,0,1,0
2795.09,5,6,0,0,129,5,0,0,0,0
7224.25,5,21,0,1,136,10,0,0,0,0
3499.53,5,0,1,0,557,21,1,0,0,1
6409.18,9,13,0,0,669,42,0,0,0,0
21285.46,3,4,0,1,146,7,1,1,1,0
7395.74,5,18,0,0,367,17,1,0,0,0
754.9,2,9,0,0,141,5,1,1,0,0
7002.31,5,7,0,0,771,34,0,0,0,0
15258.07,10,1,0,1,70,5,2,0,0,0
3563.16,10,18,0,0,401,21,0,0,0,0
12035.73,3,9,0,0,237,11,0,0,0,0
2230.28,10,6,0,0,145,10,0,0,0,0
1006.73,7,20,1,0,93,2,0,0,0,1
5121.33,4,0,0,0,120,5,0,0,0,0
767.8,6,11,0,1,273,20,1,0,0,0
3498.99,4,3,0,0,190,11,0,0,0,0
16104.31,8,3,0,0,357,19,0,0,0,0
658.68,6,0,0,0,990,59,1,0,0,0
1237.07,4,4,0,0,593,36,0,1,0,0
1584.41,5,22,0,0,563,32,0,0,0,0
4174.21,10,10,0,0,551,30,0,0,0,0
3084.93,6,23,0,0,451,25,0,0,0,0
18018.18,8,6,0,0,663,31,0,0,0,0
11548.93,7,18,0,0,213,11,0,0,1,0
7297.4,7,2,0,0,451,12,0,0,0,0
5144.23,6,2,0,0,65,2,0,0,0,0
6589.48,3,0,0,0,556,34,0,0,0,0
1878.1,7,21,0,0,349,21,0,0,0,0
10479.86,8,16,0,0,310,15,0,0,0,0
1462.58,6,17,0,0,134,4,0,0,0,0
10253.53,3,22,0,1,102,5,0,0,0,0
14561.59,8,7,0,1,226,14,0,1,0,0
5490.99,6,17,0,1,349,21,0,0,0,0
3728.6,7,12,0,1,601,28,0,0,0,0
6636.3,5,13,0,0,664,47,0,0,0,0
254.29,3,15,0,0,613,34,1,0,0,0
6016.48,6,11,0,0,473,27,0,0,0,0
3970.49,9,0,0,0,98,3,0,0,0,0
4227.52,7,1,0,0,311,18,0,0,0,0
9013.98,7,12,0,0,826,50,2,1,0,0
4126.69,8,13,0,0,992,47,0,1,0,0
1421.96,6,17,0,0,96,2,0,0,0,0
3860.68,10,13,0,0,236,14,2,0,0,0
4757.87,4,4,0,0,860,38,0,0,0,0
4988.72,5,8,0,0,675,37,0,0,0,0
5228.71,7,10,0,0,333,13,0,0,1,0
12573.78,4,23,0,0,407,20,0,0,1,0
1501.12,3,12,0,0,456,24,0,0,0,0
5301.26,5,15,0,0,690,40,0,0,0,0
16154.11,8,17,0,0,677,30,0,1,0,0
784.77,5,8,1,0,257,11,1,0,0,0
5322.22,3,23,0,1,824,42,1,0,0,0
2476.55,9,16,1,1,888,57,0,0,0,0
3069.56,6,20,0,0,287,11,1,0,0,0
1799.37,7,17,0,0,857,51,0,0,0,0
3753.52,5,14,0,0,283,14,1,0,0,0
28036.31,8,0,1,0,543,24,1,0,0,0
1255.85,6,14,0,0,941,46,0,0,0,0
1380.76,6,3,0,0,745,37,0,0,0,0
1209.62,5,14,0,0,191,8,0,0,0,0
25019.69,4,16,0,0,451,27,1,0,0,1
2800.8,4,13,0,0,504,27,0,0,0,0
4334.5,7,7,0,0,400,13,1,0,0,0
2972.67,8,1,0,0,206,9,0,0,0,0
1729.48,7,16,0,0,195,12,1,0,0,0
3515.19,9,16,0,0,296,17,0,0,0,0
51960.73,12,11,0,0,101,6,1,0,0,1
17891.32,5,17,0,0,494,22,0,0,0,0
1895.17,6,18,0,0,53,2,0,0,0,0
8497.9,7,12,0,1,1047,54,0,0,0,0
1936.19,6,1,0,0,325,10,0,1,0,0
752.67,8,20,0,0,196,8,2,0,0,0
12326.55,5,11,0,0,122,6,0,0,0,0
14187.16,4,16,0,0,709,37,1,0,0,0
12658.1,4,21,0,0,454,18,0,0,0,0
2779.8,6,8,0,1,399,21,1,0,0,0
3763.95,7,14,0,0,457,16,0,0,0,0
9412.23,7,0,0,0,463,24,0,1,0,0
6578.07,6,21,0,0,497,26,1,0,0,0
2999.98,5,1,0,0,434,17,0,0,0,0
880.89,5,12,0,1,553,27,0,0,0,0
4983.44,6,8,0,0,474,27,0,1,0,1
13082.22,10,0,0,0,62,3,0,0,0,0
1342.66,5,11,0,0,183,15,0,0,0,0
8423.32,7,22,0,1,182,11,0,0,0,0
6195.27,4,4,0,0,197,11,1,0,0,0
9415.84,9,7,0,0,135,8,2,0,0,0
10635.74,9,4,0,1,423,19,0,0,0,0
2220.6,6,2,0,0,568,32,0,0,0,0
882.75,5,5,0,0,80,2,1,0,0,0
2608.37,8,13,0,0,150,5,0,0,0,0
10819.74,10,18,0,0,95,2,0,0,0,0
2586.33,5,16,0,0,48,4,0,0,0,0
2221.54,7,18,0,0,351,17,2,0,0,0
719.57,7,17,0,0,60,2,2,0,0,0
25658.95,4,9,0,0,338,19,0,0,0,0
10154.92,3,21,1,0,400,19,0,0,0,0
9603.63,6,4,0,0,326,12,0,0,0,0
11704.46,6,16,0,0,330,13,0,0,0,0
7916.53,6,2,0,0,297,8,0,0,0,0
3483.08,6,18,1,0,601,38,0,1,0,0
3775.3,8,2,0,0,894,50,0,0,0,0
2899.91,6,5,0,0,422,23,0,0,0,0
61990.77,7,9,0,0,189,7,0,0,0,0
7753.6,5,16,0,0,148,10,0,0,0,0
2796.71,4,1,0,0,56,1,0,0,0,0
7083.31,4,6,0,0,778,36,2,0,0,0
1618.3,6,8,0,0,271,15,1,0,0,0
20020.39,8,17,0,0,285,18,0,0,0,0
2296.02,6,23,0,0,345,11,1,0,0,0
7339.94,7,14,0,0,227,13,1,0,0,0
12912.84,4,12,0,0,393,15,0,0,0,0
6533.96,3,8,1,1,409,19,1,0,0,1
4887.67,7,19,0,1,449,22,0,0,0,0
4495.36,3,2,0,0,95,7,1,0,0,0
4203.02,9,3,0,0,36,4,0,0,0,0
2498.14,8,4,0,0,584,28,1,0,0,0
2837.04,2,6,0,0,278,9,0,0,0,0
19527.72,8,11,0,0,169,9,0,0,0,0
3989.67,2,22,0,0,632,38,0,0,0,0
2026.78,5,15,0,0,175,13,1,0,0,0
2653.68,3,9,0,0,160,10,2,0,0,0
13364.68,8,5,0,0,213,10,0,0,0,0
8739.49,5,15,0,0,186,6,1,0,0,0
7787.92,5,6,0,0,190,11,0,1,0,1
3437.43,2,23,0,0,543,28,0,0,0,0
7890.09,13,11,0,0,814,30,1,0,0,0
2336.57,5,13,0,1,139,12,1,0,0,0
3430.24,7,21,0,0,335,20,0,0,1,0
11728.82,2,7,0,0,193,14,0,0,0,0
10660.26,7,11,0,0,673,20,0,0,0,0
1665.85,7,12,0,0,421,22,0,0,0,0
1890.27,8,6,0,0,341,19,0,1,0,0
4957.72,4,1,0,0,526,24,1,0,0,0
24987.53,9,6,0,0,628,30,0,0,0,0
654.87,6,2,0,0,517,24,0,0,0,0
5874.25,4,16,0,1,504,23,0,0,0,0
1123.22,0,0,0,0,881,57,0,1,0,0
2358.24,9,7,0,0,442,21,0,0,0,0
3088.9,2,21,0,0,165,6,0,0,1,0
2920.45,2,13,0,0,369,21,0,0,0,0
2607.65,2,16,0,0,236,13,1,0,0,0
4479.23,5,16,0,0,843,45,1,0,0,0
2603.84,6,7,1,1,253,7,0,0,0,0
1030.24,6,15,0,0,259,17,2,0,0,0
9699.89,4,5,0,0,294,13,0,0,0,0
9441.52,3,15,0,0,397,17,1,0,0,0
10333.79,7,16,0,0,201,11,0,0,0,0
952.67,1,21,1,0,201,11,1,0,0,0
5996.42,2,22,0,0,163,9,2,0,0,0
8742.74,10,0,0,0,787,40,2,0,0,0
1585.73,7,7,0,0,485,17,1,0,0,0
4488.05,7,13,0,1,278,11,0,0,0,0
3958.95,2,7,0,0,224,10,0,1,0,0
28061.41,6,14,0,0,156,7,0,0,0,0
30469.94,7,20,0,1,249,14,1,0,0,0
841.89,12,6,0,0,280,13,1,0,0,0
53848.35,7,21,0,0,682,30,1,1,0,0
1780.72,7,21,0,0,149,7,0,0,0,0
11857.0,5,21,0,0,386,23,1,0,0,0
11736.96,11,1,1,0,472,32,0,0,0,0
1643.05,4,7,0,0,185,5,0,0,0,0
7282.78,3,2,0,0,75,5,0,0,0,0
3993.67,3,2,0,0,376,18,1,1,0,0
7741.34,9,1,0,0,154,6,0,0,0,0
5600.84,6,10,0,0,415,24,1,0,0,0
14710.83,3,2,0,1,380,24,1,0,1,0
4795.34,7,7,0,1,590,39,0,0,0,0
3759.82,3,23,1,0,622,31,0,0,0,0
13307.25,9,21,0,0,88,4,0,0,0,0
7945.78,1,22,0,0,474,25,1,0,0,0
9244.77,4,0,0,0,412,22,0,0,0,0
2287.95,9,15,0,0,402,19,0,1,0,0
1563.59,8,15,0,0,631,39,0,0,0,0
2520.66,10,3,0,0,161,6,0,0,0,0
2390.31,4,21,0,1,624,33,0,0,0,0
9761.48,7,9,0,0,472,20,1,0,1,0
11801.53,8,23,0,0,75,3,1,0,0,0
3808.04,7,2,0,0,215,13,1,0,0,0
18600.04,6,15,0,0,332,23,0,0,0,1
17474.0,4,3,0,0,84,4,1,0,0,0
5672.58,2,22,0,0,464,24,0,0,0,0
1954.93,7,14,1,0,628,22,0,0,0,0
21490.72,8,1,0,0,555,34,0,0,0,0
4183.83,7,5,0,0,516,22,0,0,0,0
5045.06,6,8,0,1,232,15,1,0,0,0
3166.54,3,0,1,0,462,24,0,0,0,0
1826.6,8,0,0,0,858,44,0,1,0,0
1023.89,4,22,0,0,123,4,2,0,0,0
8373.84,3,23,0,0,108,0,2,0,0,0
2031.64,4,12,0,0,158,9,0,0,0,0
94800.62,6,21,0,0,316,15,0,0,1,0
1501.06,5,15,0,0,149,12,0,0,0,0
1264.73,11,0,1,0,528,24,0,1,0,0
7406.69,6,17,0,1,339,16,1,0,0,0
20523.25,8,0,0,1,331,17,0,0,0,0
4743.78,4,19,0,0,630,21,2,0,0,0
7881.25,6,8,0,0,91,3,0,0,0,0
703.77,2,3,0,0,406,20,0,0,0,0
2258.57,3,6,0,0,420,14,1,0,0,0
1519.88,3,16,0,0,767,40,0,0,0,0
668.45,5,20,0,0,1160,53,1,1,1,0
4998.94,9,13,0,0,116,4,0,0,0,0
472.09,6,3,0,0,224,8,0,0,1,1
1185.36,3,21,0,0,56,3,0,0,0,0
2598.8,6,18,1,0,143,5,0,0,0,0
1936.65,5,9,0,0,803,35,0,0,0,0
6610.46,10,13,0,1,549,21,0,0,0,0
6036.5,5,23,0,0,275,22,0,0,0,0
10870.4,5,9,0,1,311,10,0,0,0,0
9436.91,9,0,0,0,114,5,0,0,0,0
13916.25,10,3,1,0,128,13,1,0,0,0
4438.54,5,14,1,0,323,14,2,0,0,0
6023.76,8,23,0,0,207,17,0,1,0,0
7416.88,9,17,0,0,531,32,2,0,0,1
5123.83,4,14,0,0,603,26,0,0,0,0
2989.33,8,7,0,0,222,13,1,0,0,0
3189.3,8,10,0,0,421,19,0,0,0,0
1963.42,9,0,0,0,311,14,0,0,0,0
6779.22,7,8,1,0,303,22,1,0,0,0
4048.03,7,14,0,0,783,43,0,0,0,0
2291.19,6,21,0,0,98,7,0,1,0,0
2293.32,3,22,0,0,768,33,0,0,0,0
1325.57,10,19,0,0,563,24,0,1,0,0
11835.29,6,0,1,0,406,19,0,0,0,0
4810.8,8,19,0,0,522,25,0,0,0,0
1876.57,6,5,0,1,296,10,0,0,0,0
9982.09,3,14,0,0,215,15,0,0,0,0
2539.07,12,22,0,0,159,9,0,0,0,0
1089.53,5,21,0,1,574,29,1,0,0,0
12347.67,9,15,0,0,379,18,1,0,1,0
2599.05,3,7,0,1,943,47,1,0,0,0
2954.55,8,12,0,0,540,31,0,0,0,0
4634.02,9,16,0,0,406,20,0,0,0,0
13941.0,7,12,0,0,207,5,0,0,0,0
4537.07,8,9,0,0,236,16,0,0,0,0
1340.61,10,9,0,0,193,11,0,1,0,0
7660.84,6,14,0,0,447,21,0,0,0,0
2738.07,1,0,0,0,289,21,0,1,0,0
29375.73,5,23,0,0,213,10,0,0,0,0
4442.09,6,2,0,0,993,43,1,0,0,0
475.78,2,23,0,0,673,32,1,0,0,0
6357.34,2,0,0,0,331,12,0,0,0,0
31088.64,5,12,0,0,352,13,0,0,0,0
21502.41,6,10,0,0,558,23,0,0,0,0
27748.98,8,13,0,0,296,11,0,0,0,0
1603.97,11,10,0,0,117,12,1,0,0,0
11071.75,7,21,0,0,199,17,1,0,0,0
2160.31,11,0,1,0,356,22,0,0,0,0
5565.21,4,23,0,0,353,16,0,0,0,0
1245.2,4,16,1,0,79,6,0,0,0,0
2334.48,2,18,0,0,554,27,2,0,0,0
2261.43,2,3,0,0,84,4,0,0,0,0
10922.23,10,1,0,1,146,7,0,1,1,0
9904.25,9,9,0,0,586,20,0,0,0,0
5865.36,6,7,0,0,282,10,0,0,0,0
1152.37,6,18,0,1,714,46,1,0,0,0
3256.34,3,21,0,1,636,25,0,0,0,0
2108.82,8,10,0,0,116,7,1,0,0,0
10611.31,7,18,1,0,248,16,0,0,0,0
14446.17,7,1,0,0,209,9,0,0,0,0
12789.57,5,17,0,0,227,22,0,0,0,0
2089.71,4,2,0,1,202,6,1,0,0,0
287.28,6,16,0,0,140,8,1,0,0,0
759.79,4,9,0,0,671,31,0,0,0,0
18428.01,8,9,0,0,152,5,0,0,1,0
2977.22,8,6,0,0,273,16,0,0,0,0
2099.12,6,9,0,0,143,7,0,0,0,0
22986.45,9,20,0,0,366,17,0,1,0,0
15758.89,6,19,0,0,266,16,0,0,0,0
4557.13,6,8,1,0,217,6,0,0,0,1
3316.27,7,7,1,0,668,25,1,0,0,0
3896.75,7,12,0,0,294,13,0,0,0,0
5581.22,5,16,1,0,315,15,0,0,0,0
22027.51,5,4,0,0,78,5,0,0,0,0
6784.99,9,17,0,0,353,16,0,0,0,0
9191.45,8,22,0,0,534,25,0,0,0,0
14317.96,2,20,0,0,174,7,1,0,0,0
1380.67,4,13,0,0,265,14,0,0,0,0
9460.32,14,7,0,0,756,36,0,0,0,0
3312.41,4,7,0,1,214,6,1,0,0,0
359.21,4,17,0,0,480,17,0,0,0,0
529.45,6,10,1,0,278,11,0,0,0,0
1606.61,6,2,0,0,676,32,0,0,0,0
7564.51,4,16,0,0,400,24,0,0,1,0
4983.06,8,3,0,0,191,13,0,0,0,0
5347.41,6,23,0,1,110,4,1,0,0,0
31286.55,3,10,0,0,860,49,0,0,0,0
1250.01,6,8,0,1,449,19,0,0,0,0
4326.73,4,1,0,0,393,16,0,0,0,0
6029.6,7,4,0,0,238,12,0,0,0,0
2129.68,3,22,0,0,92,9,0,0,0,0
4574.84,3,12,0,0,414,33,1,0,0,0
897.89,5,21,0,0,401,15,0,0,0,0
18213.28,10,22,0,1,478,28,2,0,0,0
2249.32,6,1,0,0,717,31,0,0,0,0
33907.79,4,9,0,0,376,16,1,0,1,0
4304.97,7,20,0,0,82,3,1,0,1,0
12432.3,4,11,0,0,501,22,0,0,0,0
4216.23,8,12,0,0,879,43,0,0,0,0
4312.43,5,13,0,0,306,19,0,0,0,0
2479.89,6,16,0,0,295,18,0,1,0,0
5009.66,4,22,0,0,275,14,0,0,0,0
6111.93,10,21,1,0,340,16,0,0,0,0
2029.9,5,15,0,0,413,15,1,1,0,0
3924.35,4,13,0,1,474,23,0,1,0,0
2416.08,2,8,0,0,211,12,0,0,0,0
44340.96,6,2,0,0,221,19,0,0,0,0
4065.41,4,17,0,0,22,3,0,0,0,0
20852.56,5,0,0,0,82,2,0,0,0,0
3656.92,6,16,0,0,255,13,1,0,0,0
5763.43,13,11,0,0,417,19,0,0,0,0
1186.35,2,18,0,0,242,14,1,0,0,0
2843.89,2,22,0,1,531,38,0,0,0,0
5489.18,12,13,0,0,199,14,0,1,0,1
21720.33,8,13,0,0,208,18,1,0,0,0
5552.38,10,11,0,0,639,28,1,0,0,0
17742.54,3,8,0,0,408,18,2,0,1,1
8439.93,4,2,1,0,583,33,0,0,0,0
22638.37,3,0,0,1,421,20,0,0,0,0
4192.1,2,17,0,0,352,18,0,0,0,0
48543.85,7,21,0,1,413,24,0,0,0,0
2736.96,5,1,0,0,131,7,0,0,0,0
2066.35,4,7,0,1,50,1,0,0,0,0
1326.03,9,14,0,1,120,8,1,0,0,0
45753.55,7,16,0,0,80,4,0,0,0,0
10091.49,11,17,1,0,402,17,0,0,0,0
3183.95,2,16,0,0,647,30,0,0,0,0
15506.63,12,2,0,0,127,3,0,0,0,0
8845.75,7,6,0,0,385,19,0,0,0,0
31765.23,4,11,0,0,802,39,2,0,0,1
945.93,7,1,0,0,562,28,1,0,0,0
3410.59,4,8,0,1,431,23,0,1,0,0
2800.29,6,9,0,1,330,16,0,0,0,0
617.89,7,23,0,1,408,22,2,0,0,0
12840.09,7,7,0,0,363,18,1,0,0,0
3393.45,2,23,0,0,294,19,0,1,0,0
9317.33,3,16,0,0,148,15,0,0,0,0
47087.93,2,16,0,0,206,14,0,0,0,0
3123.65,7,19,0,0,389,15,0,0,0,0
2918.56,5,20,0,0,613,34,1,0,0,0
5007.36,6,5,0,0,131,8,0,0,0,0
11935.2,3,10,0,1,1049,48,0,0,0,0
2523.21,6,12,0,0,74,3,0,0,0,0
2366.19,6,23,0,0,166,7,0,0,0,0
12799.86,10,0,0,0,400,18,1,1,0,0
6494.03,7,11,1,0,501,29,1,0,0,0
575.52,6,5,0,0,209,8,0,0,0,0
1305.85,3,4,0,0,337,20,1,0,0,1
19955.02,4,18,0,0,294,14,0,0,0,0
6647.05,8,4,0,0,257,13,0,0,0,0
2075.18,5,19,0,1,164,8,0,0,0,0
3750.3,10,23,0,0,394,23,0,1,0,0
4506.32,3,18,0,0,408,24,0,0,0,0
9281.08,2,4,0,0,329,27,1,1,0,0
1143.37,7,3,0,0,531,23,0,0,0,0
1918.02,5,10,0,1,393,24,0,0,1,0
5842.74,5,13,0,0,187,6,1,0,0,0
4024.54,5,18,0,0,808,35,0,0,0,0
7878.24,9,10,0,0,461,24,0,0,0,0
1300.49,8,4,0,0,264,7,0,0,0,0
6355.84,7,23,0,0,236,8,0,0,0,0
13247.76,7,21,0,0,233,13,2,0,0,0
7235.96,6,15,0,0,140,10,2,1,0,0
5110.8,5,16,0,0,201,11,0,0,0,0
4040.47,4,22,0,0,363,15,0,1,1,0
1929.76,6,11,0,0,472,25,0,0,0,0
4138.14,10,3,0,0,746,37,0,0,0,0
15673.17,7,14,0,0,267,10,0,0,0,0
3948.03,3,10,0,0,386,15,0,1,0,0
1826.57,11,19,0,0,380,24,0,0,0,0
2718.28,9,18,0,0,200,12,0,0,0,0
5436.28,7,11,0,1,443,23,1,0,0,0
3060.97,11,8,0,0,108,6,0,0,0,0
7225.01,6,10,1,0,306,11,0,0,0,0
7501.39,5,15,0,0,265,19,0,0,0,0
10818.18,9,15,0,0,211,6,0,1,0,0
18463.65,6,12,0,0,408,22,1,0,0,0
12038.42,7,12,0,0,748,38,1,0,0,0
1747.18,5,23,0,0,575,35,1,0,0,0
1801.66,3,6,0,0,374,14,1,0,0,0
4122.56,8,4,0,0,547,38,0,0,0,0
2832.24,3,19,0,0,891,42,0,0,0,0
1424.64,6,22,0,0,189,10,0,0,0,0
2859.23,3,14,0,0,305,13,0,0,1,0
2766.91,6,9,0,0,436,24,0,0,1,0
2271.4,8,8,0,0,459,14,0,0,0,0
3242.86,6,11,0,1,268,15,0,0,0,0
14450.02,12,1,0,0,379,16,0,1,0,0
5427.52,4,12,0,0,279,16,0,0,0,0
52670.41,5,6,0,0,319,18,1,0,0,0
5273.81,5,6,0,0,81,6,0,0,0,0
3327.36,7,13,0,0,748,26,1,0,0,0
4465.48,5,23,0,0,67,1,1,0,0,0
5747.34,5,4,0,0,223,13,1,0,0,0
6872.3,7,21,0,0,472,23,0,0,0,0
35479.53,6,12,0,0,620,29,0,0,0,0
1909.66,4,23,0,0,276,11,1,0,0,0
10499.11,5,9,0,1,509,36,0,0,0,0
5473.92,5,23,0,1,309,17,2,1,0,0
924.18,5,15,0,0,403,21,0,0,0,0
9611.34,5,16,0,0,232,14,1,0,0,0
15797.76,4,13,0,0,477,30,1,0,0,0
1887.15,6,10,0,0,127,2,0,0,0,0
4407.51,3,12,0,0,1028,51,0,0,0,0
792.07,5,20,0,0,202,9,0,0,1,0
1262.93,4,19,1,0,139,9,0,0,0,0
12683.15,6,0,0,0,323,13,0,0,0,0
2789.4,6,16,0,0,256,8,0,1,0,0
1467.33,9,20,0,0,741,39,1,0,0,0
5594.06,4,17,0,0,922,64,0,0,0,0
2637.5,11,11,1,0,208,16,0,0,0,0
2777.14,16,8,0,0,435,24,0,0,0,0
9314.49,4,16,0,0,405,17,0,0,0,0
1391.68,8,15,0,0,425,16,0,0,0,0
1798.37,7,8,0,0,164,7,0,0,0,0
5187.88,5,9,0,0,161,10,0,0,1,0
11724.19,8,8,1,0,346,10,1,0,0,0
15339.1,6,1,0,0,412,21,0,1,1,1
2286.87,7,0,0,0,116,10,0,0,0,0
11354.59,6,1,0,1,225,12,0,0,0,0
2030.14,4,10,0,0,297,18,0,1,0,0
27617.62,5,12,0,0,639,27,0,0,0,0
1431.14,5,9,0,0,536,27,0,0,0,0
16788.99,5,22,0,0,729,37,1,0,0,0
2306.56,5,5,1,0,322,16,0,1,1,0
33297.79,8,9,0,0,244,13,0,1,1,0
8033.06,7,5,0,0,701,37,0,1,0,0
1609.99,9,7,0,0,315,17,0,0,0,0
2637.96,4,14,0,0,475,27,0,0,1,0
9712.62,5,7,0,0,63,2,0,0,0,0
12741.82,10,7,0,0,306,19,0,0,0,0
4143.45,6,16,0,0,318,13,0,0,0,0
4650.17,8,19,0,0,312,12,0,0,0,0
9493.41,3,5,0,1,342,19,0,0,0,0
5073.56,4,2,0,0,688,47,1,0,0,0
1219.86,7,5,0,0,229,11,0,1,0,0
1972.44,7,13,0,0,532,14,0,0,0,0
5625.81,10,23,0,1,103,5,0,0,0,0
14995.15,2,3,0,0,114,6,1,0,0,0
22381.33,5,1,0,0,168,6,0,0,0,0
9696.59,6,12,0,0,200,13,1,0,0,0
5927.1,7,23,0,0,529,33,0,0,0,0
9403.28,2,13,1,0,346,20,0,0,0,0
2283.01,2,22,0,0,83,4,2,0,0,0
3815.28,3,15,0,0,370,12,0,0,0,0
1950.56,6,0,0,0,369,10,0,0,0,0
1275.71,7,10,0,0,15,0,0,0,0,0
6207.72,3,18,0,1,729,39,0,1,0,0
5353.54,7,12,0,0,182,9,0,0,0,0
8845.4,9,4,0,1,527,38,1,0,0,0
7677.98,8,4,0,1,454,20,1,0,0,0
5668.3,9,15,0,0,136,9,0,0,1,0
7759.06,5,11,0,0,645,39,0,0,0,0
4261.25,6,13,0,1,410,17,1,0,0,0
6720.32,4,8,0,0,642,29,1,0,0,0
2151.36,2,8,0,0,847,45,0,0,0,0
6436.28,6,15,0,0,164,13,0,0,1,0
8676.88,5,0,0,0,391,14,0,0,0,0
2276.33,3,10,0,0,104,3,1,0,0,0
4683.65,2,8,0,1,638,33,0,0,1,0
2383.67,6,18,0,0,81,2,0,0,0,0
2626.73,1,17,0,0,127,9,0,0,0,0
1443.85,2,10,1,0,218,14,0,0,0,0
15768.58,7,6,0,0,316,19,0,0,0,0
12909.07,3,5,0,0,542,32,1,0,0,0
7611.64,3,5,0,0,89,4,0,0,1,0
31958.58,7,6,0,0,387,16,0,0,0,0
3680.32,9,18,0,0,209,9,0,0,0,0
92204.33,9,1,0,1,308,13,2,0,0,1
3542.08,5,0,0,0,714,31,0,0,0,0
5739.88,2,12,0,1,342,22,0,0,0,1
2987.59,11,5,0,0,451,27,1,0,0,0
6453.16,6,19,0,0,60,0,0,0,1,0
10255.97,9,18,0,0,182,6,0,0,0,0
3968.26,5,18,1,0,317,18,0,0,0,0
26284.11,7,10,0,1,107,3,0,0,0,0
5648.52,8,10,0,0,76,5,0,0,0,0
5828.33,7,10,1,0,185,3,0,0,0,0
1791.85,10,4,0,0,317,13,0,0,0,0
6758.11,10,13,0,0,521,35,0,0,0,0
3889.25,5,20,0,0,523,33,0,0,0,0
2420.57,4,6,0,1,289,12,0,0,0,0
2045.76,6,1,0,0,345,15,0,1,0,0
64328.84,9,13,0,0,95,3,2,0,0,0
3417.02,10,9,0,0,970,47,0,0,0,0
1035.89,7,19,0,0,769,36,0,0,0,0
2212.28,6,20,0,0,405,15,0,0,0,0
4223.55,7,22,0,0,258,12,0,0,0,0
7682.24,6,9,1,1,625,27,0,0,0,1
7744.95,3,21,0,0,982,54,0,0,0,0
8748.3,5,2,0,0,442,20,0,0,0,0
2333.54,8,8,0,0,527,21,0,0,0,0
6250.65,5,6,0,0,215,9,1,0,0,0
1851.85,10,22,0,0,113,7,0,0,0,0
2393.13,5,14,0,0,296,15,0,0,0,0
1776.31,5,8,1,0,479,28,0,0,0,0
1355.07,5,3,0,0,93,3,0,0,0,0
12890.03,1,18,0,0,931,39,0,0,0,0
8853.89,9,15,0,0,456,17,0,0,0,0
11809.57,7,20,0,0,525,34,1,0,0,0
4625.38,8,10,0,0,60,5,0,0,0,0
9670.23,4,3,0,0,227,11,0,1,0,0
764.11,11,8,0,1,347,18,0,0,0,0
10541.63,5,14,1,0,133,3,1,0,0,0
5308.79,6,5,0,0,1176,55,1,0,1,0
8325.76,3,1,0,0,736,32,1,1,0,0
6503.03,11,19,0,0,360,18,1,0,0,0
1657.3,10,12,0,0,571,37,1,0,1,0
994.22,9,9,0,0,259,15,1,0,0,0
2181.89,5,13,0,0,658,41,0,0,0,0
7823.73,10,17,0,0,298,11,2,0,0,0
8867.0,6,0,0,0,893,47,0,0,0,0
1132.36,4,10,1,0,204,5,0,0,0,1
1667.2,5,6,0,0,109,8,0,0,0,0
2157.63,3,2,1,0,321,15,0,0,0,0
3110.99,10,0,0,1,189,8,0,0,0,0
1139.05,7,10,0,0,444,26,0,0,0,0
1072.72,6,13,0,0,163,11,0,0,0,0
1955.04,4,12,0,0,1179,48,0,0,0,0
4847.67,0,18,0,0,105,7,0,0,0,0
1365.68,4,10,0,0,458,25,0,0,1,0
3960.78,6,14,0,0,255,15,0,0,0,0
12817.32,7,19,1,0,811,40,0,0,0,0
1209.81,4,15,0,0,267,13,0,0,1,0
3617.56,4,21,0,1,265,13,0,0,0,0
12391.38,5,5,0,0,249,13,1,0,0,0
2927.0,4,18,1,0,469,23,0,0,1,0
2505.72,6,16,0,0,245,6,1,0,0,0
14235.52,4,13,0,0,219,11,1,0,0,0
3274.1,6,0,0,0,102,6,1,1,0,0
13419.91,4,12,0,0,173,7,2,0,0,0
6829.22,7,20,0,0,560,28,0,0,0,0
3156.3,2,15,0,0,191,10,0,0,0,0
7184.57,2,0,0,1,372,12,1,0,0,0
6126.93,2,6,0,0,66,2,0,0,0,0
12343.47,8,13,0,0,543,17,0,0,0,0
2569.98,4,19,0,0,1342,60,1,0,0,0
4634.14,5,10,0,0,129,4,0,0,1,0
4181.75,9,20,0,0,158,6,1,0,0,0
8992.52,5,19,0,0,273,7,0,0,0,0
1595.31,4,6,0,0,78,2,1,0,0,0
12295.36,4,4,0,0,140,7,0,0,0,0
7089.21,5,21,0,1,521,31,1,0,1,1
1191.63,0,14,0,0,328,20,1,0,0,0
14887.29,5,20,0,0,329,16,0,0,0,0
41526.75,6,22,0,1,65,5,0,1,0,0
12110.57,3,10,0,0,103,6,0,0,0,0
18527.01,1,1,0,0,229,12,0,0,0,0
4843.4,9,21,0,1,734,38,1,1,0,0
844.29,8,14,0,0,221,13,0,0,0,0
703.37,7,2,0,0,381,19,0,0,0,0
5739.24,8,12,1,1,191,9,0,0,1,1
2460.26,3,0,0,0,325,14,0,0,0,0
1781.88,12,6,0,1,963,46,1,0,0,0
4176.6,5,8,0,1,425,23,0,0,0,0
8230.36,3,10,0,0,269,15,0,0,0,0
1040.28,7,13,0,0,499,27,0,0,0,0
2838.76,10,20,0,0,490,27,0,0,0,0
20128.07,4,8,0,0,456,16,0,0,0,0
1517.34,5,17,0,1,224,19,2,0,0,0
10612.22,10,22,0,1,88,2,0,0,0,0
2738.78,5,17,0,0,295,13,0,0,0,1
7675.54,6,6,0,0,143,6,1,0,1,0
13324.07,3,16,0,1,128,9,0,0,0,0
9332.72,4,6,0,0,376,14,0,0,1,0
11038.67,4,11,0,0,318,20,0,0,0,0
1405.86,7,15,0,0,499,18,0,0,0,0
13543.47,9,7,0,0,451,22,0,0,0,0
1895.63,9,0,0,0,490,19,0,0,0,0
5764.89,3,20,0,0,1225,51,0,0,0,0
5757.43,7,17,0,1,226,6,0,0,0,0
7223.7,2,2,0,0,434,23,1,0,0,0
6228.91,7,9,0,0,369,19,1,0,0,0
1912.54,8,6,0,1,62,2,0,0,0,0
1153.01,6,23,1,0,291,10,0,1,0,0
10639.71,9,22,0,0,130,6,1,0,1,0
5355.26,7,16,0,0,557,34,0,1,0,0
14035.95,4,10,0,0,215,14,1,0,0,0
4252.52,8,1,0,0,173,10,1,0,0,0
1090.98,7,5,0,0,714,40,1,0,0,0
11685.8,6,2,1,0,400,23,0,0,0,0
3070.6,6,18,0,0,463,21,0,0,0,0
6260.43,7,2,0,0,378,16,0,0,1,0
2327.48,7,16,0,1,140,3,0,0,0,0
23024.21,8,22,0,0,100,3,0,0,0,0
1850.91,4,7,0,0,461,23,3,0,0,0
3173.44,9,16,0,0,667,40,0,0,0,0
4951.51,3,21,0,1,267,11,1,1,0,0
1491.92,6,10,0,0,680,46,0,0,0,0
6188.94,8,10,0,0,269,9,0,1,0,0
22290.38,4,4,0,0,233,10,0,0,0,1
2723.13,3,10,0,0,356,18,0,0,0,0
6602.1,5,20,0,1,164,8,0,0,0,0
284.45,3,15,0,0,518,22,0,0,0,1
4277.27,8,4,1,0,705,39,1,1,0,0
3251.78,5,12,0,0,142,7,0,1,0,0
1961.57,6,16,0,0,223,13,0,0,0,0
13114.19,7,1,0,0,704,39,0,0,1,0
3209.13,4,18,0,0,188,5,0,0,0,1
3723.88,7,4,0,0,182,11,0,1,0,0
3049.73,4,7,0,0,874,46,0,0,0,0
654.05,12,9,0,0,990,48,0,0,0,0
1433.7,5,12,0,0,383,22,1,0,0,0
11627.1,6,21,0,0,361,13,0,0,0,0
539.18,5,5,0,0,1011,57,0,0,0,0
2066.65,8,6,0,0,729,35,0,0,0,0
2981.79,4,9,0,0,1032,58,0,0,0,0
25428.4,8,20,0,0,211,13,0,0,0,1
9591.22,5,23,0,0,254,19,1,0,1,0
2547.4,5,10,0,0,56,4,1,1,0,0
16391.43,8,16,0,0,68,10,0,0,0,0
2120.66,5,22,0,0,78,2,0,0,0,0
12198.88,7,20,0,1,259,16,0,0,0,0
1142.67,4,16,0,0,164,8,0,0,0,0
13007.19,8,12,0,0,377,17,0,0,0,0
2962.73,7,23,0,0,200,13,0,0,0,0
1590.01,4,5,0,0,810,41,0,0,0,0
3579.06,3,8,0,0,153,6,0,0,0,0
5868.44,4,17,0,0,51,2,0,0,0,0
2711.48,3,0,0,0,99,3,0,0,0,0
7738.43,3,12,0,1,740,37,0,0,0,0
2482.46,5,20,0,0,154,10,0,0,0,0
8269.86,10,4,0,0,542,27,1,0,0,0
6920.35,3,19,0,0,371,10,0,1,0,0
4184.23,10,9,0,0,670,29,0,0,1,0
2860.12,5,20,0,0,869,42,0,0,0,0
5174.72,4,15,0,0,394,22,0,0,0,0
7709.85,3,3,0,0,402,19,0,0,0,0
34954.38,4,17,0,0,30,3,0,0,0,0
11377.81,1,1,0,0,349,15,2,1,0,0
11801.59,8,5,0,0,227,6,1,0,0,0
97588.23,6,21,0,1,497,29,1,0,0,0
7449.92,5,21,0,0,544,27,1,0,0,0
7220.24,3,1,0,0,111,3,1,0,0,0
8991.32,8,9,0,0,292,14,0,1,0,0
1621.38,4,2,0,0,776,34,1,0,0,0
2852.92,2,6,0,0,545,29,0,0,0,0
2680.69,9,23,1,0,430,19,1,0,0,0
8498.24,8,4,0,1,474,25,0,0,0,0
3736.2,3,15,0,0,25,2,0,0,0,0
5106.26,3,19,0,0,332,19,0,0,0,0
13193.17,3,21,1,0,194,11,1,0,0,0
10542.3,4,8,0,0,865,48,0,0,1,0
3783.02,5,16,0,0,1222,83,0,0,0,0
2275.61,6,11,0,0,197,6,0,0,0,0
13839.4,5,2,0,0,942,45,0,0,0,0
9642.07,9,5,0,0,521,29,1,0,0,0
892.25,10,17,1,0,26,1,0,0,0,0
3251.42,3,16,0,0,787,42,0,0,0,0
5247.54,2,12,1,1,664,36,0,0,0,0
9689.81,6,18,0,0,333,17,0,0,0,0
11049.07,4,16,0,0,521,30,0,0,0,0
5907.07,4,8,0,0,563,25,0,0,0,1
7984.42,2,7,0,0,862,36,0,1,0,0
4741.63,4,22,0,0,873,48,0,0,0,0
2266.85,11,23,0,0,242,6,0,0,0,0
3424.59,4,0,0,0,178,10,0,0,0,0
4532.33,8,18,0,0,193,10,1,0,0,0
4295.49,4,3,0,0,174,10,0,0,0,0
674.81,7,20,0,0,250,13,0,0,0,0
2988.47,6,14,1,0,258,16,0,0,0,0
4704.17,13,16,0,1,162,2,0,0,0,0
3356.42,11,16,0,0,294,13,0,0,0,0
3474.4,3,14,0,0,783,33,0,0,1,0
7244.45,4,6,0,0,347,26,0,0,0,0
1511.78,7,19,0,0,111,7,0,0,0,0
873.02,9,13,0,0,203,8,0,0,0,0
3139.54,5,13,0,0,1017,49,0,0,0,0
9548.26,3,7,0,0,756,39,1,0,0,0
24041.89,6,0,0,0,163,5,0,0,0,0
9721.82,7,13,0,0,868,39,2,1,0,0
1024.27,3,8,0,0,575,24,0,0,0,0
3524.99,6,15,0,0,959,42,1,0,0,0
5748.16,0,8,1,0,75,4,0,0,1,0
5311.3,6,23,0,0,212,9,0,0,0,0
7625.89,7,16,0,0,601,33,0,0,0,0
1777.48,6,10,0,0,460,24,0,0,0,0
4745.46,4,16,0,0,903,42,0,0,0,0
6770.45,6,15,0,0,675,37,0,0,0,0
10154.49,9,14,0,0,67,2,0,0,1,0
1986.8,2,13,0,0,510,19,0,0,0,0
3149.01,4,22,0,0,705,28,0,0,0,0
297.73,5,7,0,0,138,6,0,0,0,0
2388.78,8,10,0,0,380,22,0,0,0,0
2632.23,11,6,0,0,155,4,3,1,0,0
1604.26,3,13,1,0,443,22,0,0,0,0
5248.05,3,23,0,0,289,13,0,0,0,0
4205.11,3,14,0,0,344,10,2,0,0,0
464.42,6,4,0,1,706,35,0,0,0,0
5516.55,5,22,0,0,238,16,0,0,0,0
1757.55,11,18,0,0,265,13,0,0,0,0
7227.79,5,10,0,0,280,12,0,0,0,0
1234.16,10,3,1,0,411,21,0,0,0,1
4582.53,5,9,0,0,242,12,0,0,1,0
3350.41,5,19,0,0,181,14,0,0,0,0
6021.56,8,13,0,0,609,29,0,0,0,0
5037.66,11,4,0,0,264,19,0,1,0,0
3445.54,8,3,0,0,316,11,0,0,0,0
956.93,7,23,0,0,536,31,0,0,0,0
1015.15,9,10,0,1,219,12,0,0,0,0
2480.25,9,16,0,0,107,6,0,0,0,0
4410.4,3,8,0,1,851,44,1,0,0,0
2420.55,9,2,0,0,456,25,1,0,1,0
8309.98,6,9,0,0,342,20,0,0,0,0
3363.64,4,16,0,0,366,23,0,0,0,0
1694.24,6,8,0,0,968,55,0,0,0,0
3367.43,11,14,0,0,542,28,0,0,0,0
5573.95,9,10,0,0,22,2,0,0,0,0
6154.17,4,8,0,0,337,12,1,0,0,0
29096.67,6,6,0,0,367,27,1,0,0,1
2278.09,8,6,0,0,343,14,0,0,0,0
4132.02,6,6,0,1,55,7,0,0,0,0
6809.84,9,17,0,0,131,3,0,0,0,0
4344.11,3,8,0,0,73,7,1,0,1,0
2695.62,4,17,0,0,1068,42,0,0,0,0
944.58,5,7,0,1,347,20,0,1,0,0
2668.22,5,7,0,0,390,15,1,0,0,0
1519.74,11,22,0,1,297,15,2,0,0,0
791.08,10,21,0,0,86,6,0,0,0,0
2006.85,9,9,0,1,162,7,0,0,0,0
1560.73,11,6,0,0,180,9,0,0,0,0
7972.76,7,17,1,0,1072,53,1,0,0,0
8111.94,5,1,0,0,303,15,1,0,0,0
1801.04,5,10,0,0,215,9,0,0,0,0
3428.13,3,14,0,0,680,36,0,0,1,0
693.5,3,16,0,0,267,13,1,0,0,0
2712.59,2,2,0,0,110,5,0,0,0,0
6627.49,5,0,1,0,159,8,0,1,0,0
10147.05,6,6,0,0,676,40,0,0,0,0
2179.72,3,2,0,0,227,12,0,0,0,0
12731.76,6,12,1,1,416,20,0,0,0,0
976.83,6,22,0,0,302,24,0,0,0,0
1277.13,8,6,0,0,566,35,1,0,1,0
9042.24,8,10,0,0,270,11,0,0,0,0
23650.07,7,5,0,0,183,15,0,0,0,0
7283.97,5,1,0,0,155,8,0,1,0,0
4271.23,5,16,0,0,604,34,1,0,0,0
495.13,2,6,0,0,216,16,0,0,0,0
588.49,4,13,1,0,399,15,0,0,0,0
5061.46,6,16,0,0,750,36,1,0,0,0
3108.63,4,20,0,1,344,22,0,0,0,0
1471.69,10,4,0,0,449,26,0,0,1,0
4748.26,9,13,0,0,220,11,0,0,0,0
4989.7,3,21,0,0,269,13,0,0,0,0
11434.79,4,11,0,1,762,37,0,0,0,0
5097.99,5,0,0,0,561,30,0,0,0,0
15190.03,2,6,0,0,293,12,0,0,0,0
4482.76,8,19,0,1,347,17,1,0,0,0
3962.64,5,19,0,0,283,12,1,0,0,0
12891.35,5,7,0,0,517,30,0,0,0,0
1671.64,7,4,0,0,210,10,0,0,0,0
74194.66,8,7,0,0,517,35,0,0,1,0
6472.11,5,5,0,0,944,38,1,1,0,0
6508.27,3,17,0,0,374,23,0,0,0,0
7518.3,4,20,0,0,119,9,0,1,0,0
29060.54,5,1,0,0,310,15,1,0,0,0
9823.25,3,17,0,0,893,41,0,0,0,0
893.32,5,18,0,0,346,13,0,0,0,0
18096.44,3,14,1,0,144,3,0,0,0,0
3162.45,3,20,0,0,300,25,0,0,0,0
4950.06,5,0,0,0,801,43,0,0,0,0
1237.37,7,16,0,0,211,14,0,0,0,0
7526.63,5,3,0,0,811,58,0,0,0,1
2318.38,3,21,0,0,283,15,0,0,1,0
4915.6,11,11,0,0,1366,57,1,1,0,0
3347.27,7,2,0,0,228,10,1,0,0,0
30485.69,6,17,0,0,171,11,3,0,0,0
32281.85,10,17,0,0,28,0,1,0,0,0
4658.8,5,11,0,0,318,12,1,0,0,0
4740.88,7,7,0,0,277,11,0,0,0,0
3061.18,3,0,0,0,888,49,0,1,0,0
13440.21,6,21,0,0,615,27,1,0,0,0
3200.56,6,4,0,0,787,41,1,0,0,0
2918.03,6,20,0,0,674,31,1,0,1,0
11832.35,8,14,0,0,327,18,2,0,0,0
2595.93,7,16,0,0,2774,138,2,0,0,0
4282.3,10,16,0,0,307,16,0,0,0,0
914.79,8,20,0,0,448,33,0,0,0,0
8992.9,8,0,0,0,1075,44,0,0,0,0
30972.87,8,23,0,0,628,24,0,1,0,0
9147.4,6,1,0,0,374,24,0,0,0,0
19183.37,9,23,0,0,503,25,0,0,0,0
1908.17,3,6,0,0,209,11,0,0,0,0
5632.59,5,20,0,0,255,10,0,0,0,0
1731.67,8,2,0,0,447,17,1,0,1,0
3541.25,4,11,0,0,145,8,0,0,0,0
9625.89,9,13,1,0,195,9,2,0,0,0
4923.72,4,22,0,0,61,4,2,0,0,0
1082.86,1,2,0,0,338,18,1,0,0,0
1193.89,3,0,0,1,373,27,0,0,0,0
1117.49,7,15,0,0,694,40,0,1,0,0
7269.57,9,1,0,0,169,12,0,0,0,0
35027.7,7,18,0,0,257,8,0,0,0,0
17369.28,6,0,0,1,578,22,1,0,1,0
667.82,10,23,0,0,650,28,1,0,0,0
18417.86,4,12,0,0,629,31,0,0,0,0
11343.5,3,22,0,0,181,6,1,0,0,0
948.33,4,3,0,0,75,4,0,0,0,0
3283.94,4,6,0,0,367,19,0,0,0,0
13300.04,7,10,0,0,329,21,0,0,0,0
7711.23,6,0,0,0,386,18,1,1,1,1
1200.99,4,2,0,0,434,27,1,1,0,0
8190.6,3,7,1,0,486,21,0,0,0,0
524.53,4,17,0,0,490,22,1,0,0,0
3558.8,9,17,0,0,261,15,0,0,0,0
13876.57,7,2,0,0,294,12,1,0,0,0
4529.62,7,1,0,0,230,12,0,0,0,0
2700.15,7,15,0,0,590,35,0,0,0,0
10822.11,4,8,1,0,143,9,0,0,0,0
11786.99,5,19,0,0,1028,44,0,0,0,0
16482.26,8,7,0,0,335,17,1,1,1,0
10660.95,10,8,0,0,332,15,0,0,0,0
13113.2,5,5,0,0,289,7,1,0,0,0
9254.9,8,6,0,0,603,37,1,0,0,0
5799.51,4,16,0,0,358,16,0,0,0,0
4863.48,5,11,0,0,240,8,0,0,0,0
3507.79,4,15,0,0,583,30,0,0,0,0
1322.97,10,1,0,0,207,12,0,0,0,0
1710.75,7,12,0,1,612,26,0,0,0,0
3354.26,7,11,0,0,97,8,0,0,0,0
5661.55,4,21,0,0,791,34,0,0,0,0
18784.97,6,10,0,0,200,9,1,0,0,0
4265.02,4,2,0,1,125,6,0,0,0,1
12130.48,6,16,0,0,275,12,1,0,1,0
13086.23,8,3,0,0,247,11,0,0,0,0
3528.24,3,21,0,0,437,31,0,0,0,0
8060.17,6,9,0,0,119,4,0,1,0,0
3485.87,2,18,0,0,428,20,1,0,0,0
16682.84,7,15,0,0,273,15,0,0,0,0
8398.79,7,11,0,0,356,20,0,0,0,0
1352.24,2,14,0,1,142,7,2,0,0,0
5226.64,9,4,0,0,340,17,0,0,0,0
23112.11,9,1,0,0,203,8,0,0,0,0
3709.93,4,18,0,0,83,5,0,1,0,0
6958.47,10,23,0,0,516,22,1,0,0,0
7676.19,8,20,0,0,175,5,0,0,0,0
1577.15,8,7,0,0,429,28,0,0,0,0
7410.91,1,8,0,0,177,12,2,0,0,0
1103.41,9,8,0,0,333,21,0,1,0,0
2378.86,10,16,0,0,1269,66,1,0,0,0
13039.3,6,14,0,0,679,40,1,0,1,0
6353.47,10,19,0,0,959,46,0,0,0,0
3279.75,4,22,0,0,704,34,0,0,0,0
6949.75,1,9,0,0,326,10,1,0,0,0
4187.7,6,15,0,0,603,23,0,0,0,0
4503.36,6,12,1,0,296,18,0,0,0,0
8576.82,4,22,0,0,118,7,0,1,1,0
2148.73,3,8,0,0,397,17,1,0,0,1
4630.11,7,4,0,0,89,10,1,0,0,0
3254.3,10,9,0,0,288,15,1,0,0,0
910.87,4,14,0,0,744,35,0,0,0,0
1771.43,3,22,0,0,652,29,0,0,0,0
21337.18,5,19,0,1,291,15,0,0,0,0
6533.66,6,0,0,0,956,58,0,0,0,0
1183.71,4,12,0,0,471,25,2,0,0,0
953.03,4,3,0,1,536,31,2,0,0,0
3975.22,3,8,0,0,246,17,0,0,0,0
21187.92,6,22,0,0,592,29,1,0,0,0
3689.48,4,23,0,0,306,15,1,0,0,0
16432.22,9,3,0,0,156,8,0,0,0,0
6322.88,2,3,1,1,474,26,0,0,0,0
7124.18,7,16,0,0,342,18,0,0,0,0
1169.44,4,9,0,1,325,19,0,0,0,0
11356.24,4,10,0,0,502,28,0,0,0,0
3181.37,8,20,0,1,92,4,0,0,0,0
10541.68,7,22,0,0,213,8,0,0,0,0
1970.08,7,21,0,0,434,19,1,0,0,0
5308.42,6,18,0,0,144,8,0,0,0,0
6323.34,7,23,0,0,186,10,1,0,0,0
3812.22,5,17,0,0,590,35,1,0,0,0
6664.47,5,21,0,0,119,9,0,0,0,0
3407.05,5,12,0,0,677,41,0,0,1,0
2323.76,5,1,0,0,510,22,0,0,0,0
22147.58,7,19,0,0,544,29,0,0,0,0
12694.87,7,22,0,1,133,5,2,0,0,0
2077.95,6,7,1,0,695,33,1,0,0,0
7851.38,8,10,0,0,388,20,0,0,0,0
2116.08,3,13,0,0,968,53,0,0,1,0
1360.1,4,15,0,0,518,27,0,0,0,0
12504.07,5,16,0,0,322,23,2,1,0,0
809.08,5,9,0,0,99,3,1,0,1,0
11235.75,5,20,0,0,446,20,0,0,1,0
3453.96,5,19,0,0,637,27,0,1,0,0
3599.15,4,22,0,0,584,28,1,0,0,0
6699.25,3,13,0,0,151,6,1,0,0,0
7952.16,2,1,0,0,941,42,1,0,0,0
1946.24,6,20,0,0,219,12,1,0,0,0
9115.45,6,1,0,0,669,26,0,0,0,0
4980.92,3,4,0,0,171,10,1,0,0,0
1266.41,9,6,0,0,170,11,1,0,0,0
3752.3,4,4,0,0,179,9,0,0,0,0
17699.28,5,17,1,0,181,10,0,0,0,0
23779.87,6,10,0,0,115,6,0,0,0,0
9112.01,4,5,0,0,149,11,0,0,0,0
1352.43,5,0,0,0,41,2,0,0,0,1
7263.43,3,5,0,1,64,2,0,0,0,1
10413.53,6,16,0,0,1090,60,0,1,0,0
9188.5,3,19,0,0,422,21,0,0,0,0
9749.33,6,7,0,0,332,19,0,0,0,0
6394.94,3,1,0,0,417,25,1,0,0,0
4136.43,6,13,0,0,241,5,0,0,0,0
2420.27,8,18,0,0,317,16,0,0,0,0
666.52,10,1,0,1,259,15,0,0,0,0
6245.66,8,19,0,0,478,19,0,0,0,0
5356.43,3,4,0,0,617,33,2,0,0,0
7766.51,7,6,0,0,190,9,0,0,0,0
1167.31,9,14,0,0,145,9,0,0,0,0
8476.19,6,1,0,0,222,8,0,1,0,0
34701.74,4,7,0,0,196,6,1,0,0,0
4809.99,6,3,0,0,483,24,0,1,0,1
4181.12,3,5,0,0,337,11,0,0,0,0
6057.2,7,18,0,0,160,8,0,0,0,0
33939.58,5,5,0,1,1124,47,0,0,0,0
1597.75,9,1,0,0,62,5,0,0,0,0
5449.11,7,5,0,0,541,34,0,0,0,0
1998.88,5,2,0,0,191,16,0,0,0,0
2573.43,2,14,0,0,254,16,0,1,0,0
4231.91,5,23,0,0,442,21,0,0,0,0
17108.37,7,4,0,0,24,1,0,0,0,0
26929.85,12,17,0,0,449,20,1,0,0,0
6961.44,9,8,0,0,597,28,0,0,0,0
3051.55,4,1,0,0,709,36,0,0,0,0
53784.41,2,16,1,0,179,7,0,0,0,1
2899.94,6,5,0,0,543,30,0,0,1,0
2512.07,5,12,0,0,645,27,0,0,0,0
753.75,2,12,0,0,628,25,0,0,0,0
17963.4,6,14,0,0,381,16,1,0,0,0
11710.55,12,3,0,0,729,33,1,0,0,0
49901.46,4,6,0,1,1237,68,0,0,0,0
1108.18,5,17,0,0,325,19,0,0,0,0
19113.89,8,22,0,0,188,9,0,1,0,1
4770.16,8,0,0,0,396,18,1,1,0,0
9957.69,7,9,0,0,241,12,0,0,0,0
855.96,5,21,0,0,219,12,1,0,0,0
19304.27,3,6,0,0,984,49,0,0,0,0
9764.58,4,10,0,0,266,14,1,0,0,0
4277.35,5,21,0,0,259,19,0,1,0,0
8477.01,6,23,0,0,222,12,0,0,0,0
2068.35,8,15,0,0,432,17,2,0,0,0
2491.3,8,16,0,0,510,18,0,0,0,0
2797.71,5,14,0,0,798,36,0,0,0,0
697.34,7,6,1,0,144,11,0,0,0,0
10527.63,6,21,0,0,782,38,2,0,0,0
14641.18,9,0,0,0,169,9,0,0,1,0
2205.38,2,1,0,0,140,7,0,0,0,0
6299.36,3,14,0,1,297,8,0,0,0,0
3409.97,8,20,0,0,154,8,1,0,0,0
6175.06,5,19,0,0,434,19,0,0,0,0
2374.22,7,16,0,0,216,4,0,0,1,0
1838.26,6,9,0,0,602,27,0,0,0,0
12734.56,6,8,0,0,483,20,0,0,0,0
4171.91,3,10,0,0,514,20,0,0,0,0
33594.21,4,6,0,0,408,19,0,0,0,0
4657.85,6,10,0,0,396,22,2,0,0,0
1761.5,9,2,0,1,202,7,0,0,0,0
15167.96,10,7,0,0,223,6,0,0,0,0
8356.54,4,22,0,0,230,14,0,0,0,0
9199.21,4,16,0,0,572,30,1,0,1,0
14626.65,12,3,0,0,431,19,0,0,0,0
2315.09,3,6,0,0,228,8,1,0,0,0
3915.69,6,6,0,0,342,18,0,0,0,0
3746.4,6,6,0,1,767,32,0,0,0,0
1223.23,4,16,0,0,6,0,0,0,0,0
3416.63,7,21,0,0,312,16,0,0,0,0
16922.16,5,17,0,0,350,19,0,0,1,0
5638.3,7,11,1,1,216,8,0,0,0,0
1157.41,4,3,0,0,99,3,0,0,0,0
938.39,3,3,0,0,204,11,0,0,1,0
23500.48,5,19,0,0,176,8,0,0,0,0
4063.02,5,16,0,0,357,17,0,0,0,0
2327.59,8,12,0,1,186,5,1,0,0,0
3381.28,7,13,0,0,343,14,0,0,0,0
1015.05,5,20,0,0,890,42,0,0,0,0
18455.08,9,19,0,0,145,11,0,0,0,0
3001.74,5,2,0,0,638,37,1,1,0,0
17455.35,7,9,1,0,293,13,1,0,0,1
4682.8,7,1,0,0,41,2,0,0,0,0
18574.26,4,9,0,0,608,28,0,0,0,0
5748.5,2,15,0,0,598,27,0,0,0,0
10438.25,5,5,0,0,143,10,0,0,0,0
9127.92,6,3,0,1,436,25,0,0,0,0
8294.03,6,11,1,0,284,17,0,0,0,0
6297.67,3,12,1,0,381,19,0,0,1,0
3523.29,10,17,0,0,199,12,0,0,0,0
30195.09,5,0,0,0,156,10,2,1,1,1
1795.54,3,5,1,0,129,5,1,1,1,0
4466.26,2,18,0,0,718,34,0,0,0,0
4513.76,10,16,0,0,146,8,1,0,0,0
6650.46,10,21,1,0,432,19,0,0,0,0
2894.38,5,19,0,0,149,9,1,0,0,0
6092.09,5,20,0,0,1249,59,0,0,0,0
3756.18,13,12,0,0,146,11,0,0,0,0
914.2,5,23,0,0,142,7,1,0,0,0
4489.75,9,9,0,0,789,36,0,0,0,0
1479.46,6,21,0,1,267,12,0,0,0,0
784.95,8,9,0,0,116,4,0,0,0,0
5099.38,5,10,0,0,308,17,0,0,0,0
7243.67,3,16,0,0,166,9,0,0,0,0
7530.36,7,9,0,0,1389,62,0,0,0,0
7841.38,3,3,0,0,67,6,2,0,0,0
643.81,5,21,0,0,501,27,1,0,0,0
1140.23,9,10,0,1,808,37,0,0,0,0
32000.97,7,22,0,0,544,25,1,0,0,0
1560.55,3,9,0,0,192,9,0,0,0,0
8191.41,4,23,0,0,658,35,0,0,1,0
2237.38,9,14,0,0,362,25,1,1,0,0
4815.87,10,18,0,0,486,27,1,0,0,0
2360.78,7,18,0,0,558,26,0,0,0,0
7797.37,7,4,0,0,139,6,0,1,0,0
5098.87,6,19,0,1,466,26,0,1,1,0
2840.43,5,22,0,0,534,25,1,0,0,0
1555.93,3,15,1,0,312,12,0,0,1,0
5812.55,5,22,0,0,190,8,1,0,0,0
1322.5,6,20,0,0,296,16,0,0,0,0
6819.09,8,15,0,0,968,56,0,0,0,0
61481.09,8,11,0,0,432,20,1,0,0,0
17157.15,5,20,1,0,333,21,0,0,0,0
9121.12,5,4,0,0,143,5,0,0,0,0
4082.21,6,13,0,0,650,32,1,0,0,0
639.86,8,19,0,0,462,24,0,0,0,0
1185.26,8,22,0,0,237,16,0,0,0,0
16039.23,5,6,0,0,206,10,0,0,0,0
2018.77,6,2,0,0,125,6,0,0,0,1
2210.0,6,8,0,0,476,26,0,0,1,0
3768.19,3,20,1,0,63,3,0,0,0,0
1537.56,9,12,0,0,488,20,1,1,0,0
1304.05,7,1,0,0,68,3,0,0,0,0
4228.18,8,2,0,0,278,18,0,0,0,0
1823.42,7,8,0,1,663,35,0,0,0,0
2119.6,4,8,0,0,51,1,0,0,0,0
2036.14,3,3,0,0,765,36,0,0,0,0
7497.76,6,11,0,0,202,8,0,0,0,0
3525.84,12,11,0,0,293,13,0,0,0,0
3719.81,5,4,1,0,202,8,1,0,0,0
8078.37,8,5,1,0,221,12,0,0,0,0
3858.22,6,15,0,0,157,9,0,0,0,0
3366.89,6,22,0,0,623,29,1,0,0,0
7118.49,7,23,0,0,519,29,1,0,0,0
8674.98,4,13,0,0,144,7,0,0,0,0
3838.84,6,0,0,0,436,22,0,0,0,0
4820.38,5,21,0,0,373,21,1,0,0,0
2034.92,6,22,0,0,246,22,0,0,0,0
1880.55,8,6,0,0,455,15,0,1,0,0
9596.44,4,9,0,0,286,12,0,0,0,0
6939.2,5,0,1,0,572,30,0,0,0,0
7011.44,7,19,0,1,163,7,0,0,0,0
5889.08,2,18,0,0,534,37,0,0,0,0
4657.36,7,0,0,0,62,3,0,0,0,0
8923.22,3,16,0,1,352,17,0,0,0,0
11328.86,7,9,0,0,321,14,0,0,0,0
11061.52,7,13,0,0,169,13,0,0,1,0
4020.74,7,5,0,0,464,20,0,0,0,0
17800.69,2,19,0,0,493,23,0,0,0,0
5588.47,6,9,0,0,199,10,0,0,0,0
8369.72,3,20,0,0,246,13,0,0,0,0
5896.34,1,3,0,0,408,22,0,0,0,0
5693.08,5,14,0,0,78,8,1,0,0,0
2130.79,6,7,0,0,207,12,0,0,0,0
8967.4,5,23,0,0,219,11,2,1,0,0
76519.0,6,13,0,0,260,22,0,0,0,0
3057.05,5,17,0,0,549,25,0,1,0,0
4774.26,4,2,1,0,526,31,2,0,0,0
2846.36,4,16,0,0,157,4,1,0,0,0
2729.79,6,2,1,0,341,12,0,0,0,0
20836.25,3,8,0,0,395,14,1,0,0,0
2268.85,4,5,0,0,447,28,0,0,0,0
2768.11,6,0,0,0,119,3,1,0,0,0
909.15,7,14,0,0,38,0,0,0,0,0
2084.72,8,5,0,0,1056,53,1,0,0,0
805.61,3,12,0,0,181,6,0,0,0,0
8364.94,5,18,0,0,303,12,0,1,0,0
73108.3,7,4,0,0,402,20,0,0,1,1
3081.96,7,17,0,0,295,16,0,0,0,0
839.87,7,7,0,0,311,12,1,0,0,0
10938.02,4,7,0,0,389,20,1,0,0,0
2149.68,8,13,0,0,170,8,2,1,0,0
16306.95,5,15,0,0,173,6,1,0,0,0
3354.21,6,15,1,0,181,9,2,0,0,0
2364.17,6,4,0,0,426,18,1,1,0,0
3722.1,6,13,0,0,498,25,0,0,0,0
9487.94,1,6,0,0,156,11,0,0,0,0
3542.47,8,6,0,0,170,8,0,0,0,0
2706.13,6,22,0,0,462,26,0,0,0,0
3645.21,6,2,0,0,550,29,1,1,0,0
1246.56,8,9,0,0,596,31,0,0,0,0
6614.58,2,10,0,0,187,10,0,0,0,0
744.92,6,5,0,0,434,20,0,0,0,0
2852.29,4,18,0,1,888,41,0,0,0,1
9503.21,5,11,0,1,221,11,1,0,0,0
6021.24,8,17,0,0,520,23,1,0,0,0
8025.03,4,9,0,0,353,21,0,0,0,0
4167.01,10,21,0,1,1169,56,0,1,0,0
14324.78,5,17,0,1,41,2,0,0,0,0
11211.54,4,7,0,0,388,29,1,0,1,0
6947.53,5,23,0,0,751,43,0,0,0,0
11243.5,4,20,0,0,147,5,1,0,0,0
9418.43,8,14,0,0,530,23,2,0,0,0
2865.61,6,0,0,0,228,17,0,0,0,0
1159.91,9,14,0,0,67,3,0,0,0,0
6770.72,5,16,0,0,223,13,1,1,0,0
7677.81,5,8,0,0,157,6,0,0,0,0
13233.04,2,3,0,1,639,36,0,0,0,0
1743.55,6,13,0,0,1181,62,1,0,0,0
1796.45,9,19,0,0,237,17,0,0,0,0
7043.78,11,7,0,1,224,14,2,0,0,0
4141.58,11,10,0,0,50,1,0,0,0,0
674.68,5,0,0,0,601,30,0,0,1,0
6471.14,8,16,0,0,833,50,0,0,0,0
697.55,7,20,0,0,468,22,0,0,0,0
1728.04,7,18,0,1,217,13,1,0,0,0
17183.1,2,10,0,0,400,18,1,0,0,0
27580.91,10,1,0,0,587,26,0,0,0,0
1318.62,3,11,0,1,295,13,0,0,0,0
3199.05,7,22,1,0,498,25,1,0,0,0
4640.71,8,2,0,0,246,13,0,0,0,0
26402.84,10,5,0,0,105,6,0,0,0,0
2716.59,4,20,0,0,568,28,0,0,0,0
2760.36,7,13,0,0,365,24,0,0,0,0
20925.54,5,4,0,0,403,17,0,0,0,0
3057.07,10,0,0,0,623,40,0,0,0,0
9156.34,3,9,1,0,161,5,1,1,0,0
1015.22,7,14,0,0,225,10,0,0,0,0
3747.21,5,20,0,0,823,44,0,0,0,0
845.9,6,21,0,0,390,13,0,0,0,0
1547.76,8,10,0,0,586,37,1,0,1,1
10292.81,0,10,0,0,336,20,0,0,0,0
4230.58,4,22,0,0,490,28,0,0,0,0
3232.12,4,18,0,1,504,32,0,0,0,0
2103.27,4,5,0,0,199,5,0,1,0,0
3566.51,3,16,0,0,1238,66,0,0,0,0
6009.6,7,17,0,1,400,27,0,0,0,0
11883.62,5,5,1,1,82,4,0,0,0,0
322.1,7,23,0,0,101,1,0,0,0,0
1935.73,12,7,0,0,234,10,0,0,0,0
5213.97,6,13,0,0,63,3,1,0,0,0
4028.45,3,11,0,0,748,47,0,0,0,0
6656.68,5,16,0,0,203,8,0,0,0,0
5811.19,14,21,1,0,127,6,0,0,0,0
3278.47,8,9,0,0,418,13,2,1,0,0
2625.82,5,9,0,0,495,24,0,0,0,0
3478.99,4,18,0,0,248,10,1,0,0,0
14027.04,8,22,0,0,500,27,0,1,0,0
2138.78,8,21,0,0,581,24,1,0,0,0
4176.35,10,18,0,0,242,10,0,0,1,0
5341.93,4,16,0,0,115,4,1,0,0,0
21170.22,4,18,0,0,220,10,0,1,0,0
3293.45,9,22,0,0,280,13,1,0,0,0
11600.54,7,0,0,1,340,23,0,0,1,0
15244.58,7,14,0,0,590,30,0,0,0,0
4172.4,2,0,1,0,288,16,2,0,0,0
3602.13,9,13,0,0,177,10,0,0,0,0
3200.13,7,9,0,0,215,8,0,0,0,0
3443.27,5,7,0,0,381,24,0,0,1,0
10448.77,10,21,0,0,406,30,0,0,0,0
5602.73,3,17,0,0,924,23,1,0,0,0
5626.76,4,13,1,0,277,18,0,0,0,0
1443.43,4,21,0,0,178,5,1,0,0,0
1690.04,11,2,0,0,45,5,0,0,0,0
37928.07,7,15,0,0,69,6,0,0,1,0
3722.59,7,3,0,0,460,25,0,0,0,0
2049.25,6,5,0,0,207,9,0,0,0,0
18603.39,2,4,0,0,699,45,0,1,0,0
5894.7,9,13,0,0,58,1,0,0,0,0
7927.99,8,15,0,0,230,13,0,0,0,0
3873.65,5,18,0,0,572,46,1,0,0,0
3233.52,3,10,0,0,758,21,2,0,0,0
3753.39,3,22,0,0,486,21,1,0,0,0
1115.73,6,8,0,0,614,32,0,1,0,0
4072.75,9,3,1,0,171,8,0,0,1,0
5979.15,5,0,0,0,262,15,1,0,1,0
28295.65,4,3,0,0,789,49,0,0,0,0
4846.44,6,10,0,0,160,6,3,0,0,0
430.88,10,9,0,0,332,18,0,0,0,0
4048.15,7,20,0,0,519,28,0,0,0,0
68837.51,7,3,0,0,724,32,0,0,0,0
10576.25,7,6,1,0,304,18,0,0,0,0
1976.56,10,23,0,0,254,18,2,0,0,0
8031.34,6,0,0,0,435,21,1,0,0,0
2117.49,5,10,0,0,964,53,0,0,1,0
1148.48,8,4,0,0,432,22,0,0,0,0
3138.91,6,12,0,1,445,21,1,0,0,0
4873.3,9,23,0,0,303,16,0,0,0,0
683.92,8,5,0,0,169,16,2,0,0,0
1409.29,8,8,0,0,258,10,0,0,0,0
4493.27,6,10,0,0,299,15,0,0,0,0
2956.69,7,19,0,1,255,12,0,0,0,0
6599.91,5,23,0,0,324,21,0,0,0,0
1319.93,11,2,0,0,457,14,0,0,0,0
9082.58,4,11,0,0,209,15,0,0,0,0
1361.36,4,18,0,0,595,24,1,0,1,0
22988.15,6,0,0,1,435,20,0,0,0,0
799.7,8,19,0,0,347,19,0,0,0,0
1491.36,8,5,0,0,285,12,0,0,0,1
6750.49,6,12,0,0,160,5,0,0,0,0
23487.73,7,23,0,1,462,24,1,0,1,0
6093.9,6,15,0,1,1247,65,0,0,0,0
7807.64,7,23,0,1,741,40,1,0,0,0
4525.74,5,14,1,0,504,17,0,0,1,0
1593.36,7,5,1,0,802,33,0,0,0,0
2724.01,5,16,0,0,222,11,2,0,0,0
1323.57,7,14,0,1,189,7,0,0,0,0
1238.05,5,7,0,0,325,19,0,0,0,0
6645.86,10,1,0,0,340,16,0,0,0,0
1446.38,3,15,0,0,693,38,1,1,0,0
6121.45,5,13,0,0,584,20,1,0,0,0
1209.76,5,18,0,0,55,7,0,0,0,0
5981.24,8,3,0,0,594,31,0,0,0,0
2727.98,4,12,0,0,288,13,0,0,0,0
18153.44,9,19,0,0,417,18,1,0,0,0
6147.0,5,21,1,0,312,6,1,0,0,0
15302.67,2,22,0,0,206,7,0,0,0,0
2088.82,5,5,0,1,414,22,0,1,0,0
4703.88,6,4,0,0,195,11,1,0,0,0
1667.22,5,13,0,0,292,19,0,0,0,0
2940.68,7,11,0,0,171,6,0,0,0,0
3421.71,10,5,0,0,129,6,0,0,0,0
2151.98,10,2,0,0,1206,52,0,0,0,0
1318.83,6,3,0,0,232,12,0,0,0,0
1081.91,7,8,0,0,292,14,0,0,0,0
428.48,4,17,0,0,733,27,0,0,0,0
1546.35,3,1,0,0,364,18,3,0,0,1
8328.96,4,2,0,0,165,13,0,0,0,0
899.2,7,6,0,0,166,7,2,0,0,0
1132.15,8,20,0,0,155,8,0,0,0,0
26659.44,6,23,0,0,958,44,0,0,0,0
2353.14,6,10,0,0,48,3,0,0,0,0
6130.59,4,1,0,0,139,4,0,0,0,0
8453.34,8,0,0,0,237,5,2,0,0,0
8625.91,7,20,0,0,236,15,1,0,0,0
970.38,5,10,0,0,218,14,0,0,0,0
3529.6,5,1,0,0,467,29,0,0,0,0
881.63,4,20,0,0,391,17,1,0,0,0
51344.74,3,12,0,0,187,8,0,0,0,0
902.46,6,8,0,1,226,10,0,0,0,0
1559.56,8,10,0,1,1434,63,0,0,0,0
1570.89,7,5,0,0,402,20,0,0,0,0
995.59,6,22,0,1,17,1,0,0,1,0
17198.78,7,18,0,0,165,11,0,0,0,0
50133.66,9,4,0,0,219,15,0,1,0,1
2763.49,4,17,0,0,1187,61,0,0,0,1
1187.47,6,4,0,0,230,8,0,0,0,0
474.89,9,10,0,0,244,16,0,0,0,0
3483.84,4,17,0,0,72,4,1,0,0,0
3240.99,4,0,0,0,337,17,1,0,1,0
2318.57,3,17,0,1,549,35,0,1,0,0
5549.01,8,5,0,0,320,17,0,0,0,0
6602.3,4,16,0,0,229,13,0,0,0,0
6143.09,5,11,0,0,282,14,0,0,0,0
3241.77,4,0,0,0,533,29,0,0,0,0
1477.9,8,18,0,0,263,11,0,0,0,0
8654.49,6,6,0,0,267,12,0,0,0,0
4503.07,6,22,0,0,435,21,0,0,0,0
10811.41,11,20,0,0,199,6,1,0,0,0
9799.39,2,4,0,0,154,6,1,0,0,0
1073.03,7,14,0,0,75,6,2,0,0,0
1059.74,10,8,0,0,294,13,0,0,0,0
2089.04,8,14,0,0,194,7,0,0,0,0
1546.48,4,13,0,0,594,32,1,0,0,0
9464.01,9,7,0,0,267,19,0,0,0,0
6318.96,7,15,1,0,547,26,0,0,0,0
13348.83,10,6,0,0,480,20,0,0,0,0
6610.98,11,21,0,0,67,2,0,0,0,0
5478.84,5,22,0,0,120,9,1,0,1,0
14760.79,3,3,0,0,1010,62,0,0,0,0
7113.34,7,17,0,0,201,8,1,0,0,0
4760.47,10,22,0,0,412,16,0,0,0,0
19544.58,6,3,0,0,291,15,0,0,0,0
4989.95,6,17,0,0,69,5,0,0,0,0
3280.2,3,22,0,0,165,5,0,0,0,0
1924.03,7,5,0,0,139,9,0,0,0,0
8982.43,5,13,0,0,518,32,0,0,0,0
15322.09,7,19,0,0,164,12,0,0,1,0
4227.7,4,8,0,1,443,23,0,0,0,0
16447.28,7,5,0,1,105,8,0,0,0,0
620.16,14,9,0,0,27,1,0,0,0,0
4207.17,6,8,0,0,342,17,0,0,0,0
4272.29,8,17,0,0,425,22,0,1,0,0
2149.53,8,8,0,1,237,10,0,0,0,0
48236.01,7,9,0,0,331,11,0,0,1,0
4162.23,5,22,0,0,88,1,1,0,0,0
2958.0,4,13,0,0,251,21,0,0,0,0
4564.03,3,22,0,0,594,29,0,0,0,0
600.15,5,17,0,0,1033,52,0,0,0,0
2080.02,5,21,0,0,301,21,0,0,0,0
11887.47,6,4,0,0,398,19,0,0,0,0
2370.97,4,22,0,0,607,41,2,0,0,0
1941.32,6,22,0,0,350,23,0,0,0,0
16473.79,2,0,0,0,416,21,0,1,1,0
16987.86,2,8,0,0,828,35,0,0,0,0
7457.61,8,9,1,0,403,24,0,1,0,0
2821.1,8,10,0,0,243,19,1,0,0,0
3500.04,5,18,0,0,818,37,0,0,0,0
1989.92,5,16,0,0,376,14,0,0,0,0
1644.56,6,5,0,0,114,7,0,0,0,0
1564.91,10,14,1,0,265,9,0,0,0,0
2396.93,9,23,1,0,1112,60,1,0,0,0
1580.16,5,10,0,0,638,37,0,0,0,0
931.03,2,22,0,0,205,6,0,0,0,0
5538.08,7,15,0,0,693,35,0,0,0,0
5622.86,7,22,0,0,262,13,1,0,0,0
24362.32,9,21,0,0,169,8,0,0,0,0
2279.39,2,0,0,0,603,33,1,0,0,0
5979.55,3,19,0,0,119,5,0,0,1,0
6079.71,11,4,0,0,172,11,1,0,0,0
3450.11,7,19,0,0,346,21,0,0,0,0
9361.25,4,19,0,0,389,12,0,0,0,0
9654.98,5,6,0,0,542,32,0,0,0,0
6169.73,5,1,0,0,142,4,2,0,1,1
3443.9,9,10,0,0,350,23,0,0,1,0
3110.29,4,7,0,1,38,3,1,0,1,0
1132.57,5,13,0,0,48,2,0,0,0,0
1986.41,6,1,0,0,179,9,0,0,0,0
2387.48,1,1,0,0,542,24,2,0,0,0
1445.24,5,10,0,0,454,20,0,0,0,0
6904.47,15,18,0,0,262,20,2,0,0,0
14715.08,6,7,0,0,63,1,1,1,0,0
1793.52,8,7,0,0,386,23,1,0,0,0
5904.33,4,3,1,0,1631,94,0,0,0,0
1581.12,3,6,1,0,313,19,1,0,0,0
3278.29,9,7,0,1,120,7,0,1,0,0
2229.81,5,6,0,0,295,15,2,0,0,0
8118.46,8,8,0,1,76,5,1,0,0,0
2255.69,8,6,0,0,204,9,0,0,0,0
12230.16,3,16,0,0,513,26,0,0,0,0
3478.23,3,8,0,0,780,36,2,1,0,0
2322.49,1,18,0,0,248,9,1,0,0,0
1269.9,13,14,0,0,101,0,2,0,1,0
5728.47,6,15,0,0,536,36,0,0,0,0
10885.84,5,14,0,0,372,17,0,0,0,0
5844.88,7,22,0,0,291,17,0,0,0,0
41724.0,5,6,0,0,334,17,0,0,1,1
18579.0,9,23,0,0,256,12,0,0,0,0
3269.76,7,4,0,0,312,13,0,0,0,0
3235.61,5,3,0,0,355,32,0,0,1,0
7113.12,8,19,0,0,382,17,0,0,0,0
1923.65,6,21,0,0,329,13,0,0,0,0
14275.33,9,2,0,0,155,6,0,0,1,0
6384.32,4,14,0,0,995,54,0,0,0,0
5747.15,6,12,0,0,301,15,0,0,0,0
8839.22,2,5,0,0,59,3,0,0,0,0
24905.15,3,12,0,1,267,15,0,0,0,0
5276.17,6,16,0,0,279,19,1,0,0,0
3971.74,3,13,0,0,171,10,0,0,0,0
20104.92,4,12,0,0,128,4,0,0,0,0
11702.41,4,21,0,0,355,19,0,0,0,0
3226.07,7,5,0,0,351,17,0,0,0,0
4470.19,16,14,0,0,115,9,1,0,1,0
5406.63,5,7,0,0,358,21,0,0,0,0
6385.68,8,23,0,0,423,21,0,0,0,0
1145.28,5,6,0,0,104,8,0,0,0,0
951.0,7,20,1,0,259,10,1,0,0,0
1830.99,5,15,0,0,987,48,1,0,0,0
1694.7,2,5,0,0,489,28,0,0,0,0
2335.95,7,18,0,0,490,27,0,0,0,0
8389.29,8,5,0,0,495,25,0,0,0,0
3755.85,7,6,0,0,675,41,0,0,0,0
5412.11,9,8,1,0,176,6,0,0,0,0
1307.27,7,16,1,0,69,1,1,1,0,0
2802.75,8,9,0,0,254,16,0,0,0,0
8000.49,6,13,0,0,211,9,0,0,0,0
8062.29,5,13,0,0,229,10,0,0,0,0
2154.74,6,4,0,0,516,29,0,0,0,0
5227.36,9,5,0,1,180,8,0,0,0,0
40088.62,7,7,0,1,1018,52,0,0,0,0
4369.49,7,5,0,1,51,3,0,1,0,1
2223.44,4,22,0,0,719,36,0,0,0,0
3737.74,4,9,0,0,83,3,0,0,0,0
4876.47,12,9,0,0,502,23,0,0,0,0
3823.16,4,16,0,1,483,29,1,1,0,0
4309.79,3,18,0,0,260,15,0,0,1,0
1050.01,4,16,0,0,540,19,0,0,1,0
1698.28,8,13,0,0,164,9,0,0,0,0
3830.17,4,23,0,0,140,9,0,0,0,0
3769.63,9,21,0,0,509,26,1,0,0,0
2524.53,6,4,0,0,213,12,0,0,0,0
3725.61,7,3,0,0,942,42,1,0,0,0
4726.85,3,9,0,0,509,23,0,0,0,0
10822.83,8,20,0,0,404,13,0,0,0,0
4027.05,6,23,0,1,227,20,1,0,0,0
6628.3,2,16,0,0,117,5,0,0,0,0
2587.38,5,16,1,0,635,28,1,1,0,0
7880.1,10,5,0,0,630,37,1,0,0,0
6475.17,6,14,0,1,179,5,0,0,0,0
10570.44,3,4,0,0,101,7,0,0,0,0
9076.65,9,12,0,1,336,21,0,0,1,0
8012.32,8,4,0,0,321,10,0,0,0,0
4030.25,4,1,0,0,566,29,0,0,0,0
5681.32,6,23,0,0,259,9,0,0,1,0
12881.0,7,21,0,0,868,53,2,0,0,0
2316.76,2,16,0,0,451,29,0,0,0,0
2372.25,2,15,0,0,961,43,0,0,0,0
5331.73,4,5,0,0,97,3,0,1,0,0
6736.39,3,13,0,0,361,20,0,0,0,0
1950.6,8,17,0,1,819,46,0,0,0,0
4126.72,5,12,0,0,108,4,0,0,0,0
4048.09,11,6,0,1,600,37,1,0,0,0
485.28,8,9,0,0,67,3,0,0,0,0
3570.3,5,20,0,0,116,8,1,1,0,0
3799.72,3,6,0,0,103,5,0,0,0,0
3788.43,4,23,0,0,125,8,0,0,0,0
18323.03,4,18,0,0,545,19,0,0,0,0
1318.44,8,21,0,0,256,10,2,0,0,0
1949.6,5,12,0,0,303,16,1,0,0,0
326.3,4,5,0,0,164,5,1,0,0,0
2749.25,8,0,0,0,324,22,0,1,0,0
2993.97,6,12,0,0,797,42,1,0,0,0
2670.5,5,9,0,0,110,4,0,1,0,0
13462.69,4,2,0,0,2217,98,0,0,0,0
10515.62,6,22,0,0,276,14,0,0,0,0
4807.14,9,23,0,0,153,8,0,1,0,0
3069.86,15,8,0,1,102,0,0,0,0,1
12409.15,6,16,0,0,417,23,0,0,0,0
4360.06,4,9,0,0,377,16,0,0,0,0
1962.02,6,11,0,0,122,8,1,0,0,0
799.31,7,14,0,0,702,53,2,0,0,0
2860.31,5,9,0,0,467,18,0,0,0,0
9458.26,7,19,0,1,679,30,2,0,0,0
43327.32,9,4,0,0,749,36,0,0,0,0
4729.67,5,16,0,1,100,2,1,1,0,0
2068.64,7,23,0,0,744,37,0,0,1,1
1359.72,5,20,0,0,517,30,0,1,0,0
7722.97,7,1,0,0,460,22,1,0,0,0
761.57,4,2,0,0,267,11,0,0,0,0
7710.55,6,15,0,0,716,28,0,0,0,0
10073.98,5,22,0,0,790,42,1,1,0,0
6879.35,9,20,0,0,436,21,0,0,0,0
3570.06,6,21,0,0,462,22,1,0,0,0
7823.92,7,3,0,1,1192,74,1,0,0,0
5276.08,6,12,0,0,17,1,0,0,0,0
2042.39,6,17,0,0,849,44,1,0,0,0
28294.21,4,14,1,0,337,22,0,0,0,0
3128.54,3,18,0,0,899,52,0,1,0,0
9660.03,4,5,0,0,159,7,1,0,0,0
395.99,7,10,0,0,428,13,0,0,0,0
15938.15,3,10,0,1,421,19,0,0,0,0
19317.44,6,22,0,0,493,32,1,0,1,0
4581.74,5,4,0,0,278,18,0,0,0,0
7775.8,6,7,0,0,219,11,1,0,0,0
7773.81,4,0,1,0,492,31,0,0,0,0
2338.39,5,3,1,0,535,22,0,0,0,0
7685.74,4,23,0,0,311,18,0,0,0,0
1981.02,11,20,0,0,475,15,1,0,0,0
2419.32,4,6,0,0,1003,51,0,0,0,0
13724.57,1,16,0,0,355,18,1,0,0,0
11785.88,1,14,0,0,43,2,1,0,0,0
2194.31,6,21,0,0,441,22,0,0,0,0
2135.43,5,7,0,0,117,5,0,0,0,0
2331.82,8,23,0,1,408,22,0,0,0,0
9252.41,5,8,0,0,630,30,0,1,0,0
1636.01,10,17,0,0,300,19,0,0,0,0
6353.19,8,9,0,0,581,27,0,0,0,0
9384.8,5,16,0,0,593,23,1,0,0,0
4071.45,13,8,0,0,754,37,0,1,0,0
12210.65,4,20,0,1,1106,46,0,0,0,0
3280.3,6,15,1,0,902,39,0,0,0,0
3590.85,9,6,0,0,30,0,0,0,0,0
1673.64,8,23,0,0,213,14,0,0,0,0
12297.82,8,17,0,0,154,5,0,0,0,0
2066.23,10,10,0,0,521,30,1,0,0,0
6309.25,4,3,0,0,303,11,0,0,0,0
4140.96,5,23,0,0,175,6,1,0,0,0
1551.87,8,18,0,0,218,13,0,0,0,0
2418.49,6,16,0,0,241,15,0,0,0,0
17727.5,12,19,0,0,579,25,0,0,0,0
5440.67,6,14,0,1,76,5,0,0,0,0
1621.08,6,5,0,0,175,7,0,1,0,0
6034.98,5,5,0,0,21,2,0,0,0,0
3842.53,8,1,1,0,573,21,0,0,0,0
140652.33,10,1,0,0,707,40,0,0,0,1
5914.27,6,17,0,0,470,17,2,0,0,0
3039.28,4,20,0,0,522,21,0,0,0,0
18398.56,6,3,0,0,391,24,1,1,0,0
705.54,3,13,0,0,465,20,1,0,0,0
4886.93,6,2,0,0,53,2,1,0,0,0
32677.06,4,9,0,0,453,30,0,0,0,0
3959.21,4,18,0,0,163,11,0,0,0,0
785.8,3,19,1,0,525,21,0,0,0,0
2993.15,5,22,0,0,283,19,0,0,0,0
19044.2,10,7,0,0,835,57,0,1,0,0
6477.37,7,22,1,0,404,16,2,0,0,0
1922.04,6,18,0,0,150,9,0,0,0,0
2241.18,4,8,0,0,108,6,1,0,0,0
2540.97,6,7,0,0,165,5,0,0,0,0
6381.75,6,2,1,1,327,17,0,0,0,1
16952.93,4,22,1,0,796,39,0,0,0,0
12738.99,8,4,0,0,235,6,1,0,0,0
7016.45,3,6,1,0,440,20,0,0,0,0
1174.22,6,9,0,0,100,1,0,0,0,0
1178.58,7,3,0,0,515,19,0,0,0,0
7579.88,6,19,0,1,294,13,1,0,0,0
1158.09,6,16,0,0,436,19,0,0,0,0
3549.04,6,3,0,0,883,40,0,0,0,0
6027.88,4,3,0,1,359,19,0,0,0,0
1425.68,4,0,0,1,113,7,0,0,0,0
1596.77,3,22,0,0,380,14,0,1,0,0
4047.6,11,10,0,0,370,23,0,0,0,0
7358.79,7,15,0,0,581,35,1,0,1,0
12855.39,6,3,0,0,356,18,0,0,0,0
8160.44,5,5,1,0,857,45,0,0,0,0
4786.99,6,12,0,0,600,19,0,0,0,0
2108.65,7,5,0,0,362,16,1,1,0,0
1524.0,6,14,0,0,330,17,0,0,1,0
2668.1,5,22,0,0,135,7,0,0,1,0
6700.49,6,7,0,0,254,14,0,0,0,0
6226.84,6,14,0,1,78,7,1,0,0,0
544.63,7,21,0,0,300,12,0,0,0,0
2027.02,4,21,0,0,61,1,0,0,0,0
14831.48,5,0,0,0,368,16,0,0,0,0
4813.67,8,2,1,1,125,5,0,0,0,0
1078.14,5,23,0,1,446,27,0,0,0,0
46902.26,7,22,1,0,347,15,0,0,1,0
4320.21,5,7,0,0,219,13,1,0,0,0
6531.12,4,12,0,0,95,2,0,0,0,0
6631.09,6,13,0,0,325,21,0,1,0,0
3079.14,8,16,0,0,306,15,0,0,0,0
2148.29,6,18,0,0,1069,70,1,0,0,0
37111.23,2,8,1,0,244,9,1,0,0,1
12127.2,7,21,0,0,554,37,1,0,0,0
10116.64,6,1,0,0,187,6,0,0,0,0
7913.21,7,0,0,0,145,6,0,0,0,0
1630.57,7,22,1,0,475,28,0,0,0,0
15955.04,6,4,0,0,232,8,0,1,0,0
1913.84,4,23,0,0,319,12,0,0,0,0
5903.42,2,6,0,0,29,0,1,0,0,0
863.17,11,8,0,0,195,10,0,0,0,0
577.75,8,0,1,0,217,12,0,0,0,0
6113.72,9,22,0,0,131,6,0,0,0,0
1980.1,5,8,1,0,252,15,1,0,1,0
608.4,7,4,1,0,69,6,1,0,1,1
7635.85,4,11,0,0,368,18,0,0,0,0
37052.12,10,3,0,0,253,11,2,0,0,0
17846.46,4,18,0,0,239,14,0,0,0,0
3438.13,4,1,0,0,478,25,0,0,0,0
4486.58,6,11,0,0,136,2,1,1,0,0
10804.37,8,9,0,0,880,43,2,0,0,0
13658.65,6,0,0,0,132,8,1,0,0,0
3154.12,4,1,0,0,608,20,0,0,0,1
4601.68,3,12,0,1,792,39,1,0,0,0
6006.6,6,9,1,0,49,3,0,0,0,0
7737.83,5,3,0,1,177,8,0,0,0,0
3892.95,7,3,0,1,99,3,0,0,0,0
3943.86,6,19,0,0,467,26,0,0,1,0
17673.69,12,17,0,0,198,5,0,0,0,0
14906.02,4,14,1,0,140,11,0,0,0,0
7168.21,7,20,0,1,280,12,1,1,0,0
24812.65,2,1,0,0,328,22,2,0,0,0
3021.64,5,16,0,0,721,43,0,0,0,0
22538.35,7,18,0,0,723,37,0,0,0,0
7650.42,9,4,0,0,173,8,0,0,0,0
117128.41,5,12,0,0,80,3,1,0,0,0
1349.54,4,18,0,0,422,16,1,0,0,0
2232.0,2,14,1,0,272,21,0,0,0,0
6760.13,4,5,0,0,760,40,2,0,0,0
6615.92,5,15,0,1,777,46,0,1,1,1
31261.39,6,18,0,0,441,21,0,0,0,0
2279.3,7,0,0,0,359,22,0,0,0,0
10991.95,7,13,0,0,386,21,0,0,0,0
14220.83,6,12,0,0,353,20,0,1,0,0
8997.01,5,8,0,0,380,25,0,0,1,0
1701.05,10,1,0,0,219,11,0,1,0,0
18174.21,10,2,0,0,200,9,1,0,0,0
15204.17,5,18,0,0,234,9,0,1,1,0
8099.72,7,19,0,0,1025,40,0,0,0,0
5455.33,9,10,1,0,30,2,0,0,0,0
5575.34,2,22,0,0,199,12,0,0,0,0
4110.35,10,22,0,0,231,12,0,0,0,0
8440.4,6,15,0,0,422,28,0,0,0,0
4587.7,8,13,0,0,190,12,2,0,0,0
1903.55,6,23,0,0,808,32,0,0,0,0
1558.39,7,14,0,0,684,21,0,0,0,0
2096.37,7,22,0,0,837,53,0,0,0,0
5553.21,4,23,0,0,364,16,0,0,0,0
4328.79,2,4,1,0,767,43,0,0,1,1
5515.64,3,15,0,0,172,1,0,0,0,0
7337.94,10,17,0,0,324,17,0,0,0,0
2374.83,7,19,0,0,53,5,0,0,0,0
19257.58,8,8,0,0,463,22,0,0,0,0
3402.58,5,20,0,0,457,21,0,0,0,0
2882.96,8,11,0,0,367,14,1,0,0,0
7203.96,3,9,0,0,268,12,0,0,1,0
708.74,7,3,0,1,571,29,0,0,0,0
2017.2,4,7,1,0,746,37,2,0,0,0
11861.73,8,23,0,0,1056,44,0,0,0,0
782.57,3,17,0,0,446,24,0,0,0,0
13596.59,7,17,0,0,309,12,0,0,0,0
20153.57,9,21,0,0,216,14,0,0,0,0
3073.42,5,6,0,0,489,23,0,0,0,0
5953.97,7,15,0,0,171,7,0,0,0,0
13617.17,9,8,0,0,466,20,1,0,0,0
2788.37,4,20,0,0,176,16,0,0,0,0
10591.17,5,10,1,0,319,15,2,0,0,0
2272.99,3,20,0,0,156,11,0,0,0,0
2758.38,9,17,0,0,231,10,0,0,0,0
1999.52,5,18,0,0,434,20,1,0,0,0
6264.46,6,22,0,0,622,29,0,0,0,0
14157.06,3,18,0,1,259,15,1,0,0,1
3699.26,11,7,1,0,33,3,1,0,0,1
1247.32,1,12,0,0,62,3,0,0,0,0
1506.12,4,11,0,0,65,1,0,0,0,0
6598.51,5,1,0,0,782,28,0,1,0,0
28116.63,5,14,0,1,1458,90,0,0,0,0
6592.74,5,10,0,0,304,15,0,1,0,0
3020.28,2,9,0,0,69,3,0,0,0,0
9568.04,9,2,1,0,143,9,0,1,0,1
3499.94,10,12,0,0,129,5,2,0,0,0
3046.4,9,13,0,0,757,38,0,0,0,0
1705.38,6,2,0,0,237,10,1,0,0,0
18186.75,6,15,0,0,2126,85,0,0,0,0
351.0,3,4,0,0,126,12,2,0,0,1
9875.96,11,3,0,0,138,13,0,0,0,0
2796.87,3,9,0,0,236,10,1,0,0,0
2950.29,9,9,0,0,216,13,1,0,0,0
24156.65,8,21,0,0,677,35,0,0,0,0
2177.36,4,1,0,1,342,22,1,0,0,1
2252.8,6,8,1,0,513,26,1,0,0,0
3903.41,7,17,0,0,409,19,0,1,0,0
6726.75,6,5,0,0,408,21,0,0,0,0
2858.76,7,23,0,0,282,12,0,0,0,0
921.63,6,17,0,0,712,42,1,0,0,0
1871.14,8,22,0,0,613,29,1,1,0,0
16015.85,9,22,0,0,170,5,0,0,0,0
4792.35,5,2,0,0,241,18,0,1,0,0
6981.98,7,11,0,0,154,10,1,0,0,0
3424.05,10,17,0,0,355,24,0,0,0,0
2299.63,8,0,1,0,438,23,0,0,0,0
23803.06,7,10,0,0,217,13,0,0,0,0
3684.2,3,16,0,0,244,8,0,0,0,0
2854.44,6,19,0,0,168,6,0,0,0,0
13308.29,8,9,0,0,141,8,0,0,0,0
2159.52,11,20,0,0,237,13,0,0,0,0
2453.5,3,16,0,0,288,18,0,0,0,0
4492.87,4,1,0,0,166,12,0,0,0,1
4448.27,6,6,0,0,133,3,0,0,0,0
5765.29,5,22,0,0,1223,57,0,1,0,0
36014.22,9,0,0,0,225,13,0,0,0,0
6224.5,7,2,0,0,378,19,0,0,0,0
412.38,5,8,0,0,492,21,1,0,1,0
6162.88,2,23,0,0,408,21,0,0,0,0
4618.75,8,16,0,0,529,23,0,0,0,0
4644.55,6,3,0,0,358,16,2,0,0,0
5687.05,5,9,0,0,83,5,0,0,1,0
4321.34,4,22,0,1,371,16,1,0,0,0
4219.15,7,5,0,0,258,18,0,0,0,0
8209.47,4,13,0,0,160,12,0,0,0,0
2586.13,6,11,0,0,997,44,0,1,0,0
1723.85,6,18,0,0,61,3,0,0,0,0
91471.38,3,18,0,0,453,20,0,0,0,0
2173.61,4,19,0,0,436,23,0,0,0,0
4915.47,11,2,0,0,843,44,0,0,1,0
996.59,4,10,0,0,401,21,1,0,0,0
4996.38,5,16,0,0,209,11,1,0,0,0
1748.96,0,10,0,0,57,3,0,0,0,0
2857.0,6,16,0,0,68,1,1,0,0,0
12645.6,10,15,0,0,228,13,0,0,0,0
7129.59,3,8,0,0,755,30,0,0,0,0
7851.1,5,2,0,0,80,4,0,0,0,0
756.57,3,23,0,0,364,20,1,0,0,0
27914.32,12,19,0,0,707,30,0,0,0,0
1350.35,8,21,1,0,945,57,1,0,0,0
20507.8,3,7,0,0,272,15,0,0,0,0
12351.64,2,7,0,0,34,4,0,0,0,0
7921.48,6,7,0,0,643,39,0,0,0,0
1891.29,8,0,0,0,227,13,0,0,0,0
5174.98,11,4,0,0,462,21,0,0,0,0
2776.87,9,7,0,0,472,22,0,0,0,0
4578.1,5,23,0,0,153,15,0,0,0,0
3463.82,2,4,0,0,23,3,0,0,1,0
579.05,9,12,0,0,356,13,0,0,0,0
13653.95,3,13,0,0,572,36,0,0,0,0
4100.62,3,8,0,0,671,36,0,0,0,0
2738.59,7,22,0,1,424,21,0,1,0,0
2539.37,5,2,0,0,547,28,0,0,0,0
6364.3,7,20,1,0,181,8,0,1,0,0
1819.37,7,17,0,0,708,27,0,0,0,0
466.3,10,7,0,0,604,26,0,0,0,0
6681.71,2,18,0,0,496,30,0,0,0,0
7473.38,5,10,0,0,193,5,0,0,0,0
3642.29,9,23,0,0,335,17,1,0,0,0
1411.06,9,0,0,0,255,14,0,0,1,0
4860.69,4,0,0,0,271,12,2,0,0,0
1028.1,3,13,0,0,527,18,0,0,0,0
1592.04,11,22,0,1,496,23,0,0,0,0
2099.18,7,1,0,1,45,2,0,0,0,1
10341.7,4,18,0,0,190,9,0,0,0,0
3094.52,11,22,0,0,435,32,0,0,0,1
2841.63,10,11,0,1,277,10,1,0,0,0
31404.06,6,20,0,0,119,8,1,0,0,0
6326.25,7,18,0,0,656,32,0,0,0,0
6241.62,10,5,0,0,2139,97,1,0,0,0
3072.66,7,20,0,0,119,1,0,1,0,0
2449.47,11,16,0,0,49,2,0,0,0,0
499.49,6,0,0,0,905,43,1,0,0,0
11716.35,7,13,0,0,168,7,0,0,0,0
6962.61,5,15,0,0,551,18,0,0,0,0
3717.6,9,19,0,0,165,3,0,0,0,0
3876.83,5,18,0,0,1037,52,1,0,1,0
9284.9,7,11,0,0,584,37,1,0,0,0
939.45,6,7,0,1,167,14,0,0,0,0
2465.42,8,4,0,0,145,7,0,0,0,0
1427.52,5,2,0,0,158,6,0,1,0,0
26147.51,8,15,0,0,228,14,1,1,0,0
10674.95,1,23,1,0,676,30,0,0,0,0
491.42,3,1,0,0,57,5,1,0,0,0
978.71,6,16,0,1,190,7,0,0,0,0
3895.8,5,14,1,1,593,25,1,0,0,0
2772.65,6,4,0,0,605,34,2,0,0,0
1182.77,6,5,0,1,725,38,0,0,1,0
31093.75,3,6,0,1,93,8,1,0,0,0
6078.66,3,16,0,0,265,19,0,0,0,0
7149.63,7,7,0,0,179,5,0,0,0,0
2226.05,6,19,0,0,961,47,0,0,0,0
9157.0,6,8,0,0,359,15,1,0,0,1
3039.86,8,2,0,0,147,9,1,0,0,0
3349.8,5,2,0,0,923,39,0,0,0,0
8192.73,11,9,0,0,291,11,0,0,0,0
872.19,6,9,0,0,352,28,1,0,0,0
21961.1,11,17,0,0,1069,63,1,0,1,0
5336.84,8,11,0,0,371,20,0,0,0,0
16009.61,5,3,0,0,771,50,0,0,0,0
1517.14,4,5,0,0,231,7,0,0,0,0
1766.64,5,13,0,0,570,37,0,1,0,0
1391.45,8,8,0,0,391,18,0,1,0,0
5711.85,6,16,0,0,644,49,0,0,0,0
4750.4,7,22,0,0,358,18,0,0,0,0
2795.0,6,8,0,0,350,16,1,1,0,0
1613.13,7,13,0,1,744,43,0,0,0,0
1253.14,10,19,1,0,188,12,0,1,0,1
4236.6,3,5,0,0,207,10,0,0,0,0
2791.72,7,12,0,0,1183,81,1,0,0,0
2240.36,6,7,0,0,179,11,0,0,0,0
20891.33,4,15,0,0,240,19,0,1,0,0
4095.62,6,17,0,0,180,16,0,0,0,0
15836.03,6,3,0,0,214,10,0,0,0,0
2609.07,4,4,0,0,87,2,0,0,1,0
5680.4,4,0,0,0,493,17,0,0,1,0
4207.08,8,0,0,0,556,37,1,0,1,0
814.34,2,1,0,0,36,2,0,0,0,0
18552.1,8,16,0,0,251,13,0,0,0,0
3884.88,4,21,0,0,246,18,0,0,0,0
9380.78,4,9,0,0,123,5,0,0,0,0
2096.39,5,21,1,0,120,8,0,0,0,0
3771.23,5,17,0,0,242,12,0,0,0,0
1868.98,7,19,0,0,736,47,0,1,0,0
15305.97,5,17,0,0,402,16,0,1,0,0
6071.79,9,4,0,0,413,17,0,0,0,0
6419.23,6,12,0,0,200,13,1,0,0,0
17295.2,7,12,0,0,125,8,0,0,0,0
14134.04,8,15,0,0,1068,39,0,0,0,0
9560.0,5,19,0,1,713,36,0,0,0,0
1073.06,5,2,0,0,684,29,0,0,0,0
2217.91,6,16,1,0,416,12,0,1,0,0
1629.64,9,19,0,0,636,36,0,0,0,0
9205.29,4,2,1,0,524,21,0,0,0,0
5274.57,8,9,0,0,147,7,1,1,0,0
1107.09,3,21,0,0,1089,43,0,1,0,0
3682.16,8,0,0,0,643,32,1,0,0,0
998.13,3,3,0,1,292,9,0,0,0,0
4216.85,4,19,0,0,113,9,0,0,0,0
849.48,6,4,0,0,120,5,0,0,0,0
7546.41,8,16,0,0,417,19,0,1,0,1
6489.64,6,21,0,0,309,19,0,0,0,0
29969.89,15,11,0,0,212,7,0,0,0,0
10382.46,5,11,0,0,407,21,0,0,0,0
2913.43,5,10,0,0,336,11,1,0,0,0
10077.6,12,8,0,0,280,16,1,0,0,0
1099.2,6,9,0,0,127,6,1,0,0,0
1698.55,7,13,0,0,335,13,1,0,0,0
6205.2,5,21,0,0,809,41,0,0,0,0
513.76,5,23,0,0,115,7,2,0,0,0
4284.84,4,20,0,0,772,52,0,0,0,0
1603.17,5,2,0,0,794,35,1,0,0,0
4921.2,5,7,0,1,388,15,0,0,0,0
1513.63,7,18,0,0,388,18,1,0,1,0
6797.08,6,13,0,1,359,17,1,0,0,0
4533.85,11,8,0,1,447,19,1,0,0,0
18040.34,3,7,0,0,250,9,0,0,0,0
4477.12,4,2,0,0,513,24,1,0,1,1
2061.85,6,7,1,0,47,2,1,0,0,1
3474.18,5,10,0,0,1312,71,0,0,0,0
1159.52,5,9,0,1,581,26,2,0,0,0
6675.09,10,13,0,0,408,15,1,1,0,0
8021.26,3,6,0,0,567,30,0,0,0,0
52532.96,4,4,0,0,361,16,0,0,0,0
2387.89,5,21,1,0,539,18,2,0,0,0
3402.29,7,9,0,0,360,19,0,0,0,0
2500.49,3,6,0,0,256,15,0,0,0,0
5497.86,9,15,0,0,475,23,2,0,0,0
6513.88,5,13,0,0,413,25,1,0,0,0
4215.93,7,13,0,0,505,23,0,0,0,0
13178.29,9,5,0,0,226,5,0,1,0,0
2399.51,4,17,1,0,66,3,0,0,0,0
11922.4,1,4,0,0,394,16,0,0,0,0
7619.74,5,20,0,0,560,20,0,0,0,0
4393.89,3,10,0,0,1085,43,1,0,0,0
3245.63,8,9,0,0,466,21,0,0,1,0
50345.66,5,9,0,0,165,10,0,0,1,0
1964.5,3,10,0,0,744,31,1,0,0,0
5990.52,6,15,0,0,374,16,1,1,0,0
2100.19,7,11,0,0,750,26,0,0,0,0
26519.11,5,3,0,0,219,10,0,0,0,0
10794.87,10,13,0,0,315,18,0,0,0,0
2256.68,5,6,0,0,587,20,1,0,0,0
7424.9,6,2,0,0,636,36,0,1,0,0
5754.26,9,20,1,0,440,23,0,0,0,0
2652.81,10,7,0,0,497,21,0,0,1,0
9491.62,3,14,0,0,625,24,0,1,0,0
6563.67,9,4,0,0,342,14,0,0,0,0
5517.6,4,8,0,0,377,15,0,0,0,0
4264.5,2,9,0,0,1068,51,0,0,0,0
6843.5,5,3,0,1,224,17,1,0,0,0
5593.65,8,23,0,0,98,7,1,0,0,0
4717.78,9,7,1,0,379,19,0,1,0,0
2342.52,10,13,0,0,372,16,1,0,0,0
24191.73,4,13,0,0,128,5,0,0,0,0
1555.54,13,10,0,0,355,18,0,0,0,0
6820.15,7,14,0,0,98,8,1,0,1,0
3228.46,9,13,0,1,211,9,2,0,0,0
25836.6,9,1,0,0,463,31,0,0,0,0
1801.76,5,16,0,0,104,2,0,0,0,0
2131.83,3,2,0,0,286,16,0,0,0,0
1686.11,6,10,0,1,47,0,0,0,0,0
6145.44,7,8,0,0,228,16,0,0,1,0
1126.59,5,10,0,0,743,34,0,1,0,0
2755.82,8,1,0,1,1382,76,1,0,0,0
516.79,6,16,0,0,309,16,0,0,0,0
5655.71,6,10,0,0,449,23,0,0,0,0
2696.7,6,1,0,0,133,7,0,0,0,0
1004.2,7,0,0,1,431,23,0,0,0,0
13168.85,8,12,0,0,828,41,1,0,0,0
1202.71,8,15,0,0,355,19,0,0,0,0
9866.93,9,13,0,0,683,43,2,0,0,0
2206.05,3,17,0,0,211,12,0,0,0,0
22061.1,9,18,0,0,69,0,0,0,0,0
9410.21,10,20,0,0,265,14,1,0,0,0
1622.87,3,23,0,0,205,12,1,1,1,0
1777.42,3,21,0,0,653,30,0,0,0,0
8147.98,6,19,0,0,660,39,0,0,0,1
3420.77,8,10,0,0,125,4,0,1,0,0
3754.3,8,12,0,0,479,17,1,0,0,0
15870.84,8,14,0,0,575,30,0,0,0,0
2103.4,5,4,0,1,235,8,0,0,0,0
4872.17,4,16,0,1,378,16,0,0,0,0
11552.16,2,14,0,1,530,27,0,0,0,0
9987.78,8,12,1,0,704,32,0,0,0,0
3791.01,3,20,0,0,385,25,0,0,0,0
3331.22,7,16,0,0,458,26,1,0,0,0
781.48,2,22,0,0,570,25,0,0,0,0
1546.51,9,23,0,0,125,8,0,0,0,0
6114.14,7,19,0,0,35,1,0,1,0,0
3874.29,11,7,0,0,519,21,1,0,0,0
4793.07,4,4,0,0,393,23,0,0,0,1
12572.33,11,7,0,1,115,1,0,0,1,0
1356.52,2,17,0,0,544,27,0,0,0,0
3511.57,1,20,0,0,112,4,0,0,0,0
5370.69,7,21,0,0,370,17,0,0,0,0
2199.18,5,16,0,0,526,24,2,0,0,0
18610.42,4,16,0,0,660,24,0,0,0,0
11032.35,7,22,0,0,265,16,0,0,0,0
5943.97,9,16,0,0,630,38,1,0,0,0
26748.45,8,3,0,0,293,11,0,0,1,0
993.37,9,12,0,0,164,17,1,0,0,0
4412.84,8,8,0,0,210,8,1,1,0,0
6414.63,4,15,0,0,238,13,0,0,0,0
1781.92,6,15,0,1,13,2,0,1,0,0
6007.2,7,7,0,0,567,33,0,0,0,0
1470.59,9,7,0,0,447,29,1,0,1,0
8871.13,7,2,0,0,212,8,0,0,0,0
12808.12,1,7,0,0,472,28,1,0,0,0
5839.11,6,19,0,1,110,10,1,0,0,0
697.29,8,15,0,0,486,12,1,0,0,0
1691.22,8,22,0,0,550,20,0,0,1,0
7822.11,7,22,0,0,93,7,0,0,0,0
4542.34,1,20,0,0,596,34,0,0,0,0
300.67,4,4,1,0,296,19,0,1,1,0
15410.9,4,8,0,0,297,11,0,0,1,0
5098.27,7,1,0,0,94,5,0,0,0,0
1960.44,8,2,0,0,670,32,0,1,0,0
12027.56,4,5,0,0,673,38,0,0,0,0
2258.51,8,6,0,0,901,40,1,0,0,0
2234.0,2,0,0,0,719,39,1,0,0,0
6363.62,8,20,0,1,390,20,1,0,0,0
26397.87,5,12,0,0,427,29,0,0,0,0
22552.18,6,15,0,0,37,3,1,0,0,0
6372.27,5,15,0,0,29,1,0,0,0,0
7061.31,6,23,0,0,313,14,0,1,0,0
9813.35,3,3,0,0,305,13,2,0,0,1
1265.24,4,8,1,0,158,9,1,0,0,0
8468.84,8,7,0,0,322,17,0,1,0,0
2134.37,7,13,1,0,183,16,0,0,0,0
6114.87,7,12,0,1,676,33,0,0,0,0
3542.3,4,18,0,0,364,18,0,0,0,0
7340.84,1,13,0,0,202,6,0,0,0,0
5004.55,4,5,0,0,675,33,1,0,0,0
205.81,8,13,0,0,109,10,1,0,0,0
5318.21,4,23,0,0,1151,55,0,0,0,0
8451.95,2,13,1,1,401,25,0,0,1,0
6946.05,8,14,0,0,308,16,0,0,0,0
4013.48,2,4,1,0,74,1,0,0,0,0
22974.99,5,0,0,0,338,26,1,0,0,0
6071.57,4,5,0,0,287,18,0,0,0,0
6888.95,3,0,1,0,519,19,1,0,0,0
12638.36,4,10,0,0,305,4,0,0,1,0
6390.66,5,21,1,1,114,7,0,0,0,1
1811.63,4,10,0,0,273,13,0,0,0,0
388.26,6,15,0,0,184,5,1,0,0,0
2759.71,4,20,0,0,108,3,0,0,0,0
9518.05,3,18,0,1,747,31,0,0,0,0
3124.11,9,15,0,1,61,2,0,0,0,0
9908.8,6,18,0,0,689,31,0,0,0,0
5160.19,5,6,0,0,350,28,0,0,0,0
16124.03,9,10,0,0,551,21,0,0,0,0
3310.26,5,9,0,0,790,51,1,0,0,0
7098.33,5,19,0,0,204,10,0,0,0,0
7375.25,3,9,0,0,365,20,0,0,0,0
19962.32,4,22,0,0,220,7,2,0,1,0
807.03,5,4,0,0,289,14,0,0,0,0
2811.83,6,4,0,0,524,28,2,0,0,0
10389.14,9,17,0,0,325,23,0,0,0,0
20866.42,4,18,0,0,361,12,0,0,0,0
5653.73,6,16,0,0,150,7,0,0,0,0
3318.59,6,7,0,1,312,15,1,1,0,0
9481.69,3,0,0,0,236,14,1,0,0,0
10600.99,4,7,0,0,343,12,0,0,0,0
3103.66,2,11,0,0,140,4,0,0,0,0
6187.63,12,9,0,0,206,9,1,0,1,0
14480.05,10,22,1,0,406,17,1,0,0,0
29450.29,3,20,1,0,503,30,0,0,0,0
9345.08,4,18,0,0,379,14,0,0,0,0
4647.75,9,0,0,0,269,7,0,0,0,0
4212.98,8,3,0,0,197,1,0,0,0,0
7765.12,4,10,0,1,57,1,0,0,0,0
3961.3,5,14,0,0,763,35,1,0,0,0
5375.68,7,16,0,0,656,30,0,0,0,0
1543.99,13,7,0,0,837,44,0,0,1,0
16269.66,9,2,0,1,821,42,0,0,0,0
1421.99,9,7,0,0,419,28,0,0,0,0
2886.75,12,19,0,0,1317,63,1,0,1,0
4902.95,5,23,0,0,295,15,0,1,0,0
32564.79,4,22,0,0,365,23,1,0,0,0
2914.1,3,14,0,0,201,13,1,1,1,0
2284.69,5,2,0,0,104,4,0,1,0,0
2563.64,5,23,0,0,233,6,0,0,0,0
23362.73,10,3,0,0,222,9,2,0,0,0
267.11,4,6,0,0,552,35,1,0,0,0
1631.51,8,23,0,0,390,13,1,0,0,0
68274.3,5,12,0,0,467,28,1,0,0,0
8029.54,6,4,0,1,419,23,0,0,0,0
1471.47,3,12,1,0,428,16,0,0,0,1
4264.51,5,1,0,0,206,6,0,0,0,0
4757.39,6,7,0,0,411,28,1,0,0,0
10364.33,8,22,0,0,577,22,0,0,0,0
27987.18,8,7,0,1,736,37,0,1,0,0
6558.73,5,21,0,1,651,37,1,0,0,0
2592.07,5,13,0,0,515,30,0,0,0,0
9770.12,8,15,0,0,385,13,0,0,0,0
2212.21,6,16,0,0,248,13,1,0,0,0
1582.34,4,13,0,0,428,21,1,0,0,0
765.16,6,0,0,0,860,44,0,0,1,0
929.71,4,22,0,0,278,15,0,0,0,0
1814.48,8,11,0,0,988,52,0,0,1,0
1369.51,6,15,1,0,440,19,0,0,0,0
6082.9,6,13,0,0,760,43,0,0,0,0
1340.23,2,15,0,1,220,12,0,1,0,1
191.78,5,8,0,0,200,10,2,0,0,0
1565.7,9,20,0,0,114,8,0,0,0,0
2774.26,5,5,0,0,854,49,0,0,0,0
2427.34,9,15,0,0,438,34,1,0,0,0
20323.33,9,13,0,0,572,36,1,0,1,0
2407.77,5,12,0,0,365,11,0,0,0,0
10731.34,3,0,0,1,388,15,1,0,0,0
4363.45,10,9,0,0,99,8,0,0,0,0
4262.86,7,1,0,0,444,25,2,0,0,0
1928.74,4,12,0,0,615,31,0,0,0,0
4193.19,4,16,0,0,48,0,0,1,0,0
2069.17,6,12,0,0,250,12,0,0,0,0
5271.26,8,18,0,0,183,11,0,0,0,1
3511.33,10,8,0,1,509,26,1,0,0,0
1729.13,5,7,0,0,490,17,0,0,0,0
11990.79,11,10,0,0,570,27,0,0,0,0
6814.72,5,5,0,0,7,1,0,0,0,1
2841.07,8,19,0,0,369,14,0,0,1,0
5143.52,3,19,0,0,63,3,1,0,0,0
4089.5,6,9,0,0,425,17,0,0,0,0
1867.6,8,19,0,0,104,6,3,0,0,0
4771.88,3,0,0,0,484,17,0,0,0,0
2389.86,6,3,0,0,107,7,0,0,0,0
1728.6,5,6,0,0,151,7,0,0,0,0
877.64,6,9,0,0,709,35,0,0,0,0
3106.94,5,5,0,0,316,16,0,0,0,0
7839.82,5,12,0,0,324,14,2,0,0,0
2220.17,5,19,0,1,147,5,0,0,0,0
55309.98,10,10,0,0,661,25,0,0,0,0
10782.56,9,10,0,0,443,28,0,0,0,0
16388.42,5,1,0,0,420,27,1,0,0,0
9850.16,7,6,0,1,128,9,0,0,0,0
28363.69,8,19,0,0,368,21,0,0,0,0
2024.34,5,19,0,0,1454,63,1,0,0,0
343.53,3,2,0,0,197,10,0,1,0,0
2846.58,3,0,0,0,696,34,1,0,0,0
7771.5,9,19,0,0,39,4,0,0,0,0
5174.6,2,4,0,1,560,16,0,0,1,0
5857.47,11,13,0,0,456,19,0,0,0,0
16662.4,8,19,0,0,293,15,0,1,0,0
6516.27,11,18,0,0,439,23,0,0,0,0
9886.38,3,13,0,0,447,24,0,0,0,0
1737.91,7,9,0,0,445,27,0,0,0,0
1487.13,5,18,0,0,255,11,0,0,0,0
22339.55,7,16,0,0,232,10,1,0,0,0
4919.2,4,20,0,0,178,6,2,1,0,0
2384.56,7,12,0,0,88,5,1,0,1,0
2388.94,6,22,0,0,321,15,0,0,0,0
2323.61,9,18,0,0,635,39,0,0,0,0
2188.65,4,1,0,0,223,14,0,1,0,0
1232.56,11,7,0,0,128,7,1,1,0,0
991.86,4,19,0,0,182,8,0,0,0,0
3659.18,4,2,0,0,361,14,0,0,0,0
2457.93,5,17,0,0,360,12,1,0,0,0
13455.72,7,8,0,0,166,6,0,0,0,0
5961.5,12,4,0,0,326,15,0,0,0,0
5798.29,6,12,0,0,288,13,1,0,0,0
2115.15,6,22,0,0,482,21,0,0,1,0
3940.14,6,21,0,1,808,30,1,0,1,0
6380.5,7,9,0,1,218,14,0,0,0,0
9101.51,7,0,0,0,192,8,0,0,1,1
4048.53,5,21,0,0,357,20,0,1,0,0
13083.72,5,21,0,0,409,25,0,0,0,0
4482.74,6,14,0,0,500,22,0,0,0,0
9826.59,7,15,0,0,75,5,0,0,0,0
2724.79,10,12,0,0,1112,45,1,0,0,0
725.9,6,0,0,0,265,14,0,0,0,0
5815.95,5,3,0,0,201,11,2,0,0,0
9184.97,6,3,0,0,128,4,0,0,0,0
7905.76,6,21,0,0,226,14,1,0,0,0
6783.08,6,1,0,0,86,3,0,0,0,0
3138.23,5,13,0,0,691,39,0,0,0,0
1984.76,7,8,0,0,293,12,1,0,1,0
7721.22,5,0,0,1,193,8,2,0,0,0
6812.04,6,22,0,0,606,26,0,0,1,0
2537.92,6,0,0,0,278,16,0,0,0,0
13486.23,3,20,0,0,192,8,1,0,0,0
1839.29,12,18,0,0,906,38,0,0,0,0
2481.15,8,19,0,0,233,9,1,0,0,0
22843.58,8,3,0,0,49,4,0,0,0,0
10599.71,6,21,1,1,325,14,0,0,0,0
3108.8,7,14,0,0,296,17,1,0,0,0
5927.64,6,9,0,0,197,12,1,0,0,0
5191.57,5,16,0,0,174,9,1,0,0,0
285.54,8,8,0,0,345,28,0,0,0,0
1796.38,5,6,0,0,237,13,1,0,0,0
4226.6,5,6,0,0,265,17,1,0,0,0
3113.14,10,13,0,1,397,20,0,0,0,0
5693.63,7,14,0,0,254,21,1,0,0,0
13759.47,8,5,0,0,207,8,0,0,0,0
3224.28,6,5,0,0,505,31,1,0,0,0
1544.33,8,22,0,0,236,13,0,0,0,0
6153.96,4,12,0,0,197,8,0,0,0,0
3207.92,2,20,0,0,106,3,2,0,0,0
3804.49,3,7,0,0,161,5,0,0,0,0
3321.68,4,6,0,0,122,4,1,0,0,0
41849.61,4,6,0,0,99,6,0,0,1,0
473.09,3,12,0,0,176,7,0,0,0,0
3015.94,2,18,0,0,405,26,1,0,0,0
4430.69,4,12,0,1,316,19,0,0,0,0
2036.23,7,7,1,1,250,16,0,0,0,0
10936.11,10,23,0,0,438,18,1,0,0,0
10029.22,3,13,0,0,210,6,1,1,0,0
4239.69,3,9,0,0,386,15,0,0,0,0
3392.51,5,0,0,0,492,27,0,0,0,0
3976.05,9,13,0,0,50,2,0,0,0,0
4004.66,10,14,1,0,314,16,1,1,0,0
4111.84,9,22,0,0,422,19,0,0,0,0
3684.91,3,5,0,0,403,27,0,0,0,0
5724.15,5,3,0,0,326,21,1,0,0,0
9444.73,7,23,0,1,219,10,0,0,0,0
1299.51,7,13,0,0,273,13,0,0,0,0
1555.16,3,0,0,0,721,37,0,0,0,0
773.93,4,2,0,0,64,3,1,0,0,0
10576.58,1,11,1,0,183,7,1,0,0,0
5711.99,9,14,0,0,315,15,0,0,0,0
7370.7,8,5,0,0,101,8,1,1,0,0
1064.76,3,8,0,1,260,10,1,0,1,0
26501.27,7,17,0,1,510,18,0,0,0,0
2419.1,5,23,0,0,456,25,0,0,1,0
5261.68,2,11,0,0,311,14,0,0,1,0
10450.29,3,9,0,0,353,15,0,0,0,0
1657.42,5,8,0,0,27,4,0,0,0,0
2575.18,6,3,0,0,130,6,0,1,0,0
5319.7,1,1,0,0,199,10,0,0,0,0
77456.6,13,20,0,0,245,8,0,0,0,0
6009.67,3,0,0,0,525,26,1,0,0,0
22167.03,10,19,1,0,937,37,0,0,0,0
14848.78,9,5,0,0,270,9,1,0,0,0
6425.37,9,16,0,0,262,14,1,0,0,0
1653.76,10,22,0,0,309,13,1,0,0,0
12832.72,3,17,0,0,172,7,1,0,0,0
994.15,6,17,0,1,779,33,2,0,0,0
22045.75,4,6,0,0,156,10,0,0,0,0
5431.69,3,14,0,0,161,9,0,0,0,0
314.12,7,15,0,1,207,13,0,0,0,0
3163.69,4,10,0,0,852,30,1,0,0,0
8552.23,3,0,0,0,420,18,1,0,0,0
3508.61,3,21,0,0,307,15,0,0,0,0
9090.69,8,4,0,0,250,16,0,0,0,0
1900.7,5,23,0,1,292,12,0,0,0,0
1204.74,7,22,0,0,132,6,1,0,0,0
4140.43,8,0,0,0,44,2,0,0,0,0
4589.68,7,17,0,0,558,24,2,0,0,0
3138.86,12,15,0,0,111,4,0,0,0,0
15173.28,3,5,0,0,758,33,0,0,0,0
1900.35,5,19,0,0,429,24,1,0,0,0
6082.47,1,2,0,0,270,12,0,0,0,0
4759.84,9,5,0,0,404,19,0,0,0,1
937.56,10,22,1,0,336,15,0,0,0,0
1189.12,8,17,0,0,296,14,1,0,0,0
4500.35,5,2,0,0,314,20,2,0,0,0
32247.64,6,3,0,1,563,24,0,0,0,0
7936.83,7,6,0,1,411,20,0,0,0,0
791.84,4,1,0,1,281,17,1,0,0,0
198.25,4,4,0,0,500,28,0,0,0,0
9256.24,12,13,0,0,817,41,0,0,0,0
4039.14,10,0,0,0,278,6,1,0,0,0
13922.56,5,6,0,0,184,12,0,0,0,0
1843.24,5,7,0,0,524,31,1,0,0,0
6312.03,6,23,0,0,281,11,0,0,0,0
10364.83,7,23,0,0,633,26,0,0,1,0
2842.78,5,20,0,0,131,5,0,0,0,0
2904.2,6,8,0,0,222,9,0,1,0,0
4560.84,9,12,0,1,984,50,0,0,0,0
7651.65,3,12,0,0,215,12,1,1,0,0
4383.78,4,20,0,0,646,30,0,0,0,0
11778.09,6,17,0,0,179,7,0,0,0,0
2801.93,12,21,0,0,499,23,0,0,0,0
1178.04,6,13,0,0,152,7,0,0,0,0
32111.69,3,22,0,0,533,31,0,0,0,0
2429.32,2,17,0,0,255,17,1,0,0,0
2518.85,8,17,0,1,221,7,0,0,0,0
4163.86,7,15,0,0,260,19,0,1,1,0
4756.09,8,8,0,0,317,12,1,0,0,0
3020.92,8,14,0,0,358,12,0,0,0,0
4370.21,4,8,0,0,120,3,0,0,0,0
4273.71,7,15,1,0,386,17,0,0,0,0
5296.59,4,6,0,0,96,7,0,0,1,0
420.95,6,19,0,1,585,28,1,0,0,0
29169.42,6,13,1,0,405,18,0,0,0,0
3838.02,5,17,0,0,405,18,0,0,0,0
7947.58,3,5,0,0,529,26,1,0,0,0
1120.91,3,19,0,0,415,32,1,0,0,0
2776.65,3,19,0,0,840,51,0,0,0,0
2270.34,7,3,0,0,154,8,0,0,0,0
19336.0,8,8,0,1,116,8,0,0,0,0
2475.47,4,16,0,0,858,41,0,0,0,0
9490.82,5,20,0,1,416,16,0,1,0,1
2320.6,7,17,0,0,447,25,0,0,0,0
2828.16,11,11,0,0,143,10,1,0,0,0
3478.82,7,7,0,0,431,23,0,1,0,0
16056.12,3,21,0,0,292,19,1,0,0,0
671.93,7,20,0,0,494,33,0,0,0,0
1193.13,7,21,0,0,329,13,2,0,0,0
634.41,4,7,0,1,291,7,0,1,0,0
1498.92,6,10,0,0,332,14,0,0,0,0
1975.15,8,5,0,0,200,10,0,0,0,0
884.94,6,22,0,0,235,12,1,0,0,0
2134.21,6,20,0,0,666,28,1,0,0,0
593.05,4,4,0,0,438,20,0,0,0,0
1606.82,3,5,0,0,278,12,1,0,0,0
14770.99,5,13,0,0,436,19,1,0,0,0
6658.09,5,9,0,0,393,16,0,0,0,0
5364.01,4,11,0,0,239,4,0,0,0,0
1631.45,9,8,0,0,200,12,1,0,0,0
957.11,5,16,0,0,234,16,0,0,0,0
1423.46,4,21,0,0,602,28,0,0,0,0
4259.0,4,22,0,0,277,10,0,0,0,0
10595.42,2,10,0,0,655,31,1,0,0,0
10963.94,4,19,0,0,219,13,0,1,0,0
8354.97,6,16,0,0,183,12,1,0,0,0
2126.95,7,4,0,0,288,8,0,0,0,0
4557.59,9,19,0,0,376,18,0,0,0,0
3224.9,6,8,0,0,332,16,0,0,0,0
3636.62,6,15,0,0,408,17,0,0,0,0
34102.57,5,17,0,1,417,22,1,0,1,0
763.57,5,22,0,0,480,20,0,0,0,0
3516.86,2,22,0,0,147,11,1,0,0,0
14939.27,3,19,0,0,205,7,0,0,0,0
1026.7,4,12,0,0,346,22,0,0,0,0
2336.13,5,9,1,0,240,15,0,0,0,0
2620.08,7,10,0,0,290,16,0,0,0,0
3557.13,5,22,0,1,316,19,0,0,0,0
901.48,5,4,0,0,267,10,1,0,1,0
8064.98,12,12,0,0,237,18,0,0,1,0
8658.42,5,16,1,0,171,6,1,0,0,1
7393.64,1,0,0,0,274,13,0,0,0,0
1862.41,11,15,0,1,230,13,0,0,0,0
4848.92,4,6,0,0,512,28,1,0,0,0
1809.05,0,6,0,1,447,21,0,0,0,0
3188.81,10,14,0,0,144,7,1,0,0,0
38310.06,5,0,0,0,776,24,0,1,0,0
4893.66,6,3,0,0,235,13,0,0,0,0
1356.24,10,10,0,0,113,7,1,0,0,0
5325.89,5,14,0,0,216,5,0,1,0,0
1150.79,4,2,0,0,99,3,1,0,0,0
1340.76,3,8,0,0,111,11,1,0,1,0
1570.07,2,7,0,0,1329,69,0,0,0,0
2851.76,5,12,0,1,497,19,0,0,0,0
11349.95,4,7,0,0,134,5,0,0,0,0
7929.92,7,0,0,0,80,8,0,1,0,0
7502.53,3,12,0,0,289,15,0,0,0,0
1481.89,9,20,0,0,70,3,1,1,0,0
2588.12,5,14,0,0,280,15,0,0,0,0
5837.17,6,8,0,0,394,19,0,1,0,0
2372.45,7,11,1,0,413,19,0,0,0,0
3366.52,7,3,0,0,133,11,0,0,0,0
6914.38,4,5,0,0,358,17,0,0,0,0
3137.64,4,10,0,0,588,23,1,0,0,0
5575.07,7,14,0,0,241,9,0,0,0,0
21866.88,5,11,0,0,128,4,0,0,0,0
3744.87,2,23,0,0,233,13,1,0,0,0
14462.84,4,15,0,0,146,6,0,0,0,0
7780.45,12,0,0,0,1571,71,0,0,0,0
1025.32,9,12,0,0,525,24,0,0,0,0
1477.14,3,13,0,0,456,31,2,0,0,1
1932.18,4,1,1,0,81,4,1,0,0,0
1891.57,5,9,0,1,252,16,0,0,0,0
4063.14,5,20,0,0,224,7,0,1,0,0
8222.62,3,8,0,0,191,10,1,0,0,0
15602.06,7,10,1,1,637,25,0,0,0,0
6052.19,6,5,0,0,1149,57,0,0,0,0
2847.85,4,1,0,0,192,10,1,0,0,0
554.33,9,7,0,0,50,1,2,0,0,1
4772.33,6,18,0,0,199,8,0,0,0,0
4563.16,7,23,0,0,617,28,1,0,0,0
5339.72,7,15,0,0,525,27,0,0,0,0
36542.83,6,19,0,0,314,17,1,0,0,0
15376.51,6,15,1,0,453,22,0,0,0,0
9750.37,5,15,0,1,239,13,0,0,0,1
1699.22,3,10,0,0,186,1,1,0,0,0
2662.46,2,1,0,0,158,16,0,0,0,0
4044.67,11,9,0,0,303,9,1,0,0,0
2047.95,3,20,0,0,203,9,0,1,0,0
7335.38,8,12,0,0,137,9,0,0,0,0
6354.44,8,18,0,0,344,14,0,0,1,0
1497.71,11,1,0,0,221,15,0,0,0,0
14717.86,2,4,0,0,632,27,1,1,0,0
4926.14,7,7,1,0,390,28,1,0,0,0
789.13,4,8,0,1,939,45,2,1,0,1
4224.5,8,23,0,0,418,21,0,0,0,0
5891.15,7,11,0,0,285,15,0,0,0,0
11763.92,3,15,0,0,567,25,1,0,0,0
3173.29,11,15,0,0,869,37,0,0,0,0
10177.54,2,10,0,0,68,2,0,0,0,0
5362.27,4,23,0,1,571,25,0,0,0,0
1193.86,7,5,0,0,302,13,0,0,0,0
1080.13,1,0,0,1,423,19,0,0,0,0
13664.55,5,17,0,1,914,66,1,0,0,0
14705.61,6,15,0,0,320,14,1,0,1,0
6142.02,7,6,0,0,129,5,2,0,0,0
19844.99,3,20,1,0,91,3,0,0,0,0
12792.44,3,3,0,0,896,47,0,0,0,0
8809.88,6,6,0,0,388,19,1,0,1,0
1787.71,8,3,0,0,321,12,0,0,0,0
25120.23,7,4,0,0,830,37,1,0,0,0
7603.02,3,17,1,0,177,10,1,0,0,0
3023.47,7,16,0,0,178,10,1,0,0,0
2279.54,5,15,0,0,1012,34,0,0,0,0
5749.01,5,20,0,0,156,9,3,0,0,0
836.26,10,1,0,0,110,6,0,0,0,0
8952.37,6,14,0,0,1001,53,0,0,0,0
1713.73,8,2,0,1,556,32,0,0,1,0
6442.09,4,22,0,0,301,20,0,0,0,0
2639.59,6,15,1,1,1325,78,0,0,0,0
3413.8,8,18,0,0,215,17,0,0,1,0
2086.18,14,13,0,0,479,32,0,0,0,0
3784.88,9,9,0,1,442,19,0,0,0,0
29418.52,3,16,0,1,843,30,0,0,0,0
17766.32,2,20,0,0,174,11,0,0,0,0
6339.02,8,4,0,0,1001,42,1,0,0,0
4335.99,8,20,0,1,1234,63,0,0,0,0
10344.41,6,17,0,0,746,43,0,1,0,0
13766.18,6,2,0,0,192,14,0,0,0,0
1939.49,4,22,0,0,378,23,0,1,0,0
4115.69,6,4,0,0,440,23,0,0,0,0
719.13,7,14,0,0,430,14,0,0,0,0
13671.96,5,3,0,0,87,5,0,0,0,0
35067.3,1,4,0,0,523,26,1,0,0,0
4817.85,7,15,0,0,399,10,1,0,0,0
531.12,10,16,0,0,290,18,1,0,1,0
8175.45,7,16,1,0,311,16,0,0,0,0
1800.66,6,8,0,0,1356,76,0,0,0,0
2290.79,6,19,0,0,753,33,1,0,0,0
8321.32,6,1,0,0,76,3,0,0,0,0
5736.21,4,20,0,0,293,19,1,0,0,0
2729.55,6,7,0,0,665,33,0,1,0,0
2322.49,6,14,0,0,765,41,0,0,0,0
5043.4,3,21,0,0,422,21,0,0,0,0
2952.87,6,6,0,0,137,4,0,0,0,0
1466.69,3,9,0,0,125,7,0,0,0,0
3188.92,10,19,0,0,516,20,0,1,0,0
6245.35,6,20,0,0,248,13,0,0,0,0
3721.55,4,5,0,0,157,10,1,0,0,0
1081.92,9,12,0,0,30,2,0,0,0,0
11956.91,4,7,0,0,97,3,0,1,0,0
287.49,11,12,0,0,391,14,0,0,0,0
2845.9,5,9,0,0,276,11,0,0,0,0
2391.8,5,0,0,0,817,49,0,0,0,0
5157.35,3,22,0,0,115,5,2,0,0,0
7798.31,9,15,0,0,192,11,0,0,0,0
13722.13,5,11,0,0,221,17,0,0,1,0
2181.12,4,2,0,0,364,14,1,1,0,0
7995.09,8,1,0,0,222,14,1,0,0,0
5408.99,4,11,0,0,173,8,1,0,0,0
803.09,5,15,0,0,429,22,0,0,0,0
29748.69,8,6,0,0,351,22,0,0,0,0
1054.92,3,17,0,0,569,25,0,0,0,0
6764.86,7,9,0,0,271,15,0,0,0,0
6567.97,4,0,0,0,716,37,0,0,0,0
5858.43,7,12,0,1,159,11,0,1,0,0
2711.95,5,4,0,0,514,33,0,0,0,0
10170.56,6,0,0,0,606,34,0,0,0,0
934.15,5,3,0,0,36,2,0,0,0,0
4163.75,5,6,0,0,522,21,0,0,0,1
2530.38,6,12,0,0,300,17,1,1,1,0
2259.06,4,23,0,1,370,19,1,0,0,0
6827.73,3,5,0,0,805,50,1,0,0,0
13062.21,6,1,0,0,322,19,0,0,0,0
3155.0,6,4,0,1,150,7,0,0,0,0
9707.76,9,7,0,1,495,22,0,0,0,0
4673.86,5,4,0,0,284,12,0,0,0,0
1821.23,6,7,0,0,327,16,0,0,0,0
3435.95,8,23,1,0,304,21,0,0,0,0
3296.16,6,9,0,0,554,26,0,0,0,0
2215.74,10,15,0,0,426,23,0,0,0,0
6825.92,2,16,0,0,330,14,0,0,0,0
5623.14,8,3,0,1,406,22,0,1,1,0
906.28,7,5,0,0,156,7,1,1,1,0
852.76,6,9,0,0,524,23,0,0,0,0
6800.04,8,11,0,0,434,22,0,0,0,0
1967.88,7,0,0,0,875,49,0,0,0,0
6015.18,8,15,0,0,209,9,0,0,0,0
9710.19,10,7,0,0,214,6,0,0,0,0
1247.69,3,7,0,0,384,22,0,0,0,0
1084.05,6,14,0,0,320,13,0,0,1,0
23728.49,4,22,1,0,151,6,0,0,0,1
6320.61,11,20,0,0,126,8,0,0,0,0
2924.15,4,23,1,0,693,30,0,0,0,1
1747.71,7,9,1,1,192,10,0,0,0,0
2669.27,4,2,1,0,272,20,1,0,0,0
1352.12,5,5,0,0,118,6,0,0,0,0
10758.08,10,8,0,0,1241,71,0,0,0,0
2045.2,13,7,0,0,202,11,1,0,0,0
13273.63,4,4,0,0,297,8,0,0,0,0
2979.08,7,3,0,0,86,3,0,0,0,0
1566.58,6,4,1,0,369,17,0,0,0,1
2903.58,4,15,0,0,1033,47,0,1,0,0
322.41,7,11,0,0,130,4,0,0,0,0
3941.16,11,0,0,1,381,14,0,0,0,0
3751.39,4,13,0,1,238,12,0,0,0,0
10145.07,5,20,0,0,333,18,0,0,0,0
674.31,5,10,0,0,253,16,0,0,0,0
14212.35,6,7,0,0,112,3,0,0,0,0
10103.12,6,6,0,1,405,28,0,0,0,0
15553.54,4,9,0,1,580,21,0,0,0,0
4218.68,2,6,0,0,245,11,1,0,0,0
12257.54,5,22,0,0,688,45,0,0,0,0
1021.22,7,23,0,0,695,36,0,0,0,0
9072.9,5,8,0,0,581,21,0,0,0,0
2056.66,2,22,1,0,145,6,0,0,0,0
852.86,4,20,0,0,487,24,0,0,0,0
1444.99,5,1,0,0,453,32,1,0,0,0
4471.73,6,11,0,0,168,8,0,0,0,0
1950.23,1,15,0,0,228,9,1,0,0,0
6477.39,6,10,0,0,335,8,1,1,0,0
729.06,10,10,0,0,220,12,0,0,0,0
530.01,7,11,0,0,300,16,0,0,0,0
17542.6,7,16,0,0,898,43,0,0,1,0
10979.66,5,7,0,0,178,10,0,0,1,0
1557.29,9,14,0,0,174,9,0,0,0,1
4433.75,4,5,0,1,659,38,1,0,0,0
12326.5,6,21,0,0,348,18,0,1,1,0
6762.86,4,2,0,0,378,18,0,0,0,0
5157.58,8,1,0,0,275,11,0,0,0,0
13295.14,6,0,0,0,277,19,0,0,0,0
2141.56,9,8,1,0,309,12,3,0,0,0
4587.9,2,14,0,1,379,12,0,0,0,0
4368.4,8,23,0,0,576,25,0,0,0,0
3385.44,5,10,0,0,156,6,0,0,0,0
3011.5,6,4,0,1,187,9,0,1,0,0
4783.22,11,8,0,0,668,37,1,0,1,0
4602.74,8,3,0,0,360,11,0,0,1,1
1558.65,9,11,0,0,253,8,0,0,0,0
9914.92,1,17,0,0,415,24,0,0,1,0
1675.08,8,0,0,1,224,16,1,0,0,0
3575.16,4,18,0,0,643,25,1,0,0,0
3310.05,7,5,0,0,198,13,1,1,0,0
6362.04,7,16,0,0,218,19,0,0,0,0
534.27,11,19,0,0,247,10,1,0,0,0
10839.04,4,18,0,0,454,14,0,0,0,0
2259.75,9,16,0,0,691,28,0,0,0,1
15062.5,7,16,0,0,488,25,1,0,0,0
2756.83,7,4,1,0,578,28,0,0,1,1
4235.08,6,3,0,0,90,5,2,0,0,0
30145.35,4,9,0,0,86,3,1,0,0,0
3369.98,3,14,0,0,111,12,1,0,0,0
15349.68,9,14,0,0,316,13,0,0,0,0
4624.14,7,18,0,0,234,10,0,0,0,0
6737.33,12,7,0,0,118,6,0,0,0,0
4769.32,4,20,0,0,14,0,0,0,0,0
10382.24,11,10,0,0,476,25,1,0,1,0
2240.53,9,5,0,1,769,30,1,1,0,0
1662.29,5,17,0,0,590,27,0,0,0,0
2348.25,3,3,0,0,304,18,0,0,0,0
4913.35,2,9,0,0,387,26,0,0,0,0
3565.93,7,18,0,0,199,10,1,0,0,0
9047.78,6,18,0,0,328,18,0,0,0,0
16395.0,7,6,0,0,312,16,0,0,0,0
1675.99,7,3,0,0,436,25,1,1,0,0
2134.64,3,0,0,0,189,7,0,0,0,0
1057.6,5,2,0,0,1223,67,0,0,1,1
33872.98,8,19,0,1,127,5,0,0,0,0
6031.01,10,18,0,0,384,20,1,0,0,0
7185.37,4,12,0,0,523,20,0,1,0,0
1164.2,5,13,0,1,136,10,0,0,0,0
4441.87,4,7,0,0,78,3,0,0,0,0
7400.09,9,4,0,0,529,29,0,0,1,0
3453.84,9,0,0,1,1237,62,0,0,0,0
13039.07,6,16,0,0,58,3,0,0,0,0
44883.75,4,0,0,0,1231,63,0,0,0,1
1724.92,8,2,0,0,544,28,0,0,0,0
1600.25,8,19,0,1,322,12,0,0,0,0
1848.71,6,13,0,0,592,29,1,1,0,0
22163.44,10,11,0,0,709,37,1,0,0,0
12611.39,6,5,0,0,287,17,0,0,0,0
3883.42,6,3,0,0,1465,79,0,1,0,0
4612.66,10,11,0,0,1207,57,0,0,0,0
1965.41,5,8,0,1,210,11,0,0,0,0
10829.48,7,12,0,0,412,14,0,0,0,0
3041.48,4,3,0,0,132,6,1,0,0,0
3428.66,5,5,0,0,102,3,0,0,0,0
8174.62,5,2,0,0,263,12,1,0,0,0
3684.92,7,10,0,0,401,23,0,0,0,0
3515.84,1,6,0,0,166,10,1,0,0,0
4494.34,5,5,0,0,580,25,0,0,0,0
9851.27,9,13,0,0,426,22,0,0,0,0
23074.72,8,11,0,0,346,11,0,0,0,0
7986.33,3,5,0,0,184,8,0,0,1,0
9929.98,5,16,1,0,200,11,1,1,0,0
3641.48,8,8,0,0,273,14,1,0,0,0
2191.19,8,8,0,0,213,11,1,0,0,0
8552.56,8,11,0,0,250,10,0,0,0,0
5277.67,2,3,0,0,186,9,0,0,0,0
1072.1,6,10,0,0,455,22,1,0,0,0
3203.28,7,13,0,0,121,6,0,1,0,0
4093.28,8,3,0,0,634,30,0,0,0,0
2669.22,6,13,0,0,222,14,0,0,0,0
19569.66,7,0,0,0,468,18,2,0,0,0
7185.63,7,14,0,0,338,17,1,0,0,0
17556.42,7,0,0,0,105,8,0,0,0,0
5787.32,7,4,0,0,608,29,0,0,0,0
4824.14,5,8,0,0,956,45,0,0,0,0
1743.07,5,14,0,0,294,16,0,0,0,0
4500.44,6,17,0,0,67,5,0,1,0,0
4505.5,10,11,0,0,435,15,1,0,0,0
1133.3,6,3,0,0,352,18,0,0,0,0
2592.75,7,9,0,0,170,10,0,1,0,0
3218.65,8,18,0,0,355,21,0,0,1,0
6724.28,6,2,0,0,784,36,0,0,0,0
7054.0,6,17,0,0,687,40,0,0,0,0
2486.62,5,9,0,0,260,15,0,0,0,0
7107.24,6,0,1,0,256,9,1,1,1,1
3706.79,5,16,0,0,159,7,0,0,0,0
252.24,7,0,0,1,265,14,0,0,0,0
2738.86,3,8,0,0,389,14,0,0,0,0
13081.95,9,4,0,0,378,22,0,0,0,0
827.32,7,14,0,1,417,21,1,0,0,1
4977.54,4,1,0,0,414,16,0,0,0,0
21704.2,8,2,0,0,188,13,0,0,0,0
2078.47,9,12,0,1,602,22,0,0,0,0
4456.63,7,23,0,0,674,29,1,0,0,0
1207.11,2,0,0,1,350,17,0,0,0,0
22634.51,5,11,0,0,1492,83,1,0,0,0
4091.5,5,19,0,1,450,23,1,0,0,0
4659.33,7,6,0,1,122,2,2,0,0,0
17228.16,6,11,0,0,275,15,0,0,0,0
8616.88,7,20,0,0,262,16,2,0,0,0
1852.65,7,17,0,1,66,3,0,0,0,0
2327.9,4,7,0,0,284,8,0,0,0,0
7294.9,8,18,0,0,586,25,1,0,0,0
2382.44,9,16,0,0,655,32,0,0,0,0
535.26,5,12,0,0,1002,37,1,1,0,0
4216.49,8,10,0,0,471,19,0,0,0,0
1012.1,4,22,0,0,552,38,0,0,0,0
22388.03,1,20,1,0,215,9,0,0,0,0
5307.03,9,23,0,0,508,29,0,0,0,0
1798.71,7,16,0,0,442,18,0,0,0,0
2211.37,7,8,0,0,264,13,0,0,0,0
672.23,2,2,0,0,1027,41,0,0,0,0
1481.1,5,3,0,0,121,9,0,0,0,0
12287.32,7,22,0,0,357,10,0,0,0,0
41431.06,4,8,0,0,784,37,0,0,0,0
9194.83,6,2,0,0,170,7,0,0,0,0
4056.02,7,5,1,0,232,11,0,0,0,0
2887.19,7,0,0,0,570,26,1,0,0,0
1708.73,6,12,1,0,570,46,1,0,0,0
34883.38,6,14,0,0,309,16,0,0,0,0
3682.15,3,9,0,0,417,25,0,0,1,0
36887.57,6,17,0,0,355,17,0,0,0,0
17917.26,3,11,0,1,613,35,0,0,0,0
779.93,7,23,0,0,630,17,0,0,0,0
2284.83,4,18,0,1,834,37,0,0,0,0
2277.78,4,1,0,0,830,40,0,1,0,0
4105.79,6,6,0,0,428,29,0,1,0,0
4186.77,6,18,0,1,143,6,0,0,0,0
88986.42,9,12,0,1,197,6,1,0,0,0
1514.4,3,18,0,0,221,11,0,0,0,0
5591.32,13,8,0,0,317,17,0,0,0,0
8237.96,7,0,0,0,374,19,1,0,0,0
4440.08,5,18,0,0,165,8,0,0,0,0
4965.06,6,18,0,0,60,2,1,0,0,0
1564.3,3,15,0,1,486,32,0,1,0,0
4946.75,3,9,0,0,339,14,1,0,1,0
7416.03,8,0,0,0,1070,49,0,0,0,0
6170.9,4,17,0,0,214,12,2,0,0,0
7865.18,12,15,0,0,957,45,1,0,0,0
18262.55,3,16,1,0,175,10,1,1,0,0
11349.93,8,4,0,0,327,15,0,0,0,0
4775.69,5,17,0,0,353,19,0,0,0,0
1377.8,4,17,0,0,96,6,0,0,0,0
2440.59,6,20,0,0,405,15,0,0,1,0
3570.17,6,13,0,0,195,7,0,0,0,0
5723.56,6,17,0,0,714,30,0,0,0,0
2756.36,5,9,0,0,560,21,0,0,0,0
1744.58,7,16,0,0,449,21,0,0,0,0
1355.33,8,16,0,0,231,12,0,0,0,1
853.05,5,18,0,0,132,11,0,0,0,0
3515.89,13,20,0,0,926,49,0,0,0,0
1022.84,4,0,0,0,878,42,0,0,0,0
1635.12,5,18,0,0,226,3,0,0,0,0
2999.19,5,19,0,0,625,27,0,0,0,0
1169.21,7,13,0,1,168,13,0,0,1,0
6501.27,5,12,0,0,197,6,0,0,0,0
9322.84,7,17,0,1,339,13,0,0,0,0
2567.2,8,10,0,0,462,24,1,0,0,0
2872.6,4,9,0,0,125,6,1,0,0,0
7611.61,5,19,0,0,62,5,2,0,0,0
2177.66,11,18,0,0,189,9,0,0,0,0
2033.0,7,4,0,0,314,14,0,0,0,0
14713.17,5,19,0,0,118,2,1,1,1,0
10766.42,2,7,0,0,245,6,0,0,0,0
8115.65,5,3,0,0,251,14,0,0,0,0
11222.15,6,21,0,0,1205,48,0,0,0,0
615.68,4,5,0,1,471,23,0,0,0,0
17220.15,3,4,0,0,392,17,0,0,0,0
6581.79,7,6,0,0,275,12,1,0,0,0
12219.42,4,11,0,0,831,47,0,0,0,0
6549.62,5,3,0,0,131,8,1,0,0,0
4670.05,5,3,0,0,527,18,0,0,0,0
3376.82,7,9,0,0,864,48,2,0,0,0
6419.81,8,5,0,0,595,31,0,0,0,0
3255.99,9,4,0,0,205,5,0,1,1,1
10592.23,6,21,0,0,120,8,0,0,0,0
910.09,5,14,0,0,615,39,0,0,0,0
2587.44,8,0,1,0,535,24,1,0,0,0
34366.01,8,2,0,0,692,32,0,0,0,0
2377.77,5,19,0,0,567,30,0,1,1,0
3502.79,8,6,0,0,728,35,1,0,0,0
1839.81,7,3,0,1,274,11,0,0,0,0
6221.99,7,15,0,0,360,14,0,0,0,0
2129.7,6,20,0,0,140,4,1,0,0,0
3693.72,5,9,0,0,116,6,0,0,0,0
10392.78,7,17,0,0,443,17,0,0,0,0
2211.08,5,10,0,0,223,15,1,0,0,0
9785.05,9,2,0,0,882,41,0,0,0,0
10119.6,5,19,0,0,531,26,0,0,0,0
12771.3,11,22,1,0,382,18,0,0,0,0
5118.11,4,23,0,1,93,4,0,0,0,0
113693.22,8,2,0,0,161,5,0,0,0,1
12765.91,9,13,0,0,199,7,0,0,0,0
6154.12,5,14,0,0,261,24,0,0,1,0
1852.1,5,1,0,0,643,36,1,0,0,0
4035.72,8,22,0,0,110,5,0,0,0,0
18514.82,8,2,0,1,1193,59,0,0,0,0
24576.22,10,6,0,0,581,31,0,0,0,0
19503.11,9,23,0,1,144,5,0,0,0,0
9751.66,2,13,0,0,842,43,0,0,0,0
1266.91,8,16,0,0,524,22,0,0,0,0
7238.45,7,11,0,0,217,12,0,0,0,0
1285.11,4,18,0,0,588,33,0,1,0,0
1004.78,9,1,1,0,152,8,1,1,0,0
5648.58,13,16,0,0,363,15,1,0,0,0
7504.06,1,1,0,0,494,12,0,0,0,0
10975.02,6,4,0,0,157,6,1,0,1,0
7311.01,5,12,1,0,395,29,0,0,0,0
7567.26,5,10,0,0,460,21,0,0,0,0
1661.29,9,3,1,0,258,11,2,0,0,0
4003.9,1,19,0,0,202,11,0,0,0,0
985.24,7,7,0,0,373,16,1,0,0,0
599.82,4,20,1,0,288,11,0,0,0,0
9326.76,4,0,0,1,930,47,0,0,0,0
2094.09,7,5,1,1,500,27,0,0,0,0
10641.31,8,7,0,0,294,20,0,0,1,0
13471.71,9,14,0,0,341,13,0,0,0,0
2393.91,10,9,0,0,212,6,1,0,0,0
8024.95,3,3,0,0,712,18,0,0,0,0
2295.82,10,13,0,0,530,22,0,0,0,0
702.13,10,22,0,0,972,48,0,0,0,0
5030.67,3,3,0,0,394,21,0,0,0,0
2777.0,7,6,0,0,304,17,0,0,1,1
2863.82,4,11,0,0,404,14,1,0,0,0
32059.32,4,17,0,0,947,37,0,0,0,0
966.95,5,3,0,0,253,9,1,0,0,0
6521.57,9,5,0,1,232,8,0,0,0,0
1644.5,4,5,0,0,277,16,0,0,0,0
11028.76,6,14,0,0,209,9,2,0,0,0
5993.5,4,1,0,0,423,29,0,0,0,0
6498.61,4,15,0,0,258,12,0,0,0,0
1728.67,8,10,0,0,811,45,0,0,1,0
2068.15,6,7,0,0,142,8,0,0,1,0
11240.18,11,20,0,0,539,21,0,0,0,0
26128.91,11,19,0,0,743,33,0,0,0,0
7189.0,5,19,0,1,138,6,0,0,0,0
1812.71,3,21,0,0,484,27,0,0,0,0
6241.27,8,5,0,0,654,25,0,0,0,0
50386.17,5,20,0,1,90,3,0,0,0,0
4926.69,6,4,0,1,182,6,1,0,0,0
19184.17,6,7,0,0,712,28,0,1,0,0
2121.06,8,13,0,0,713,35,0,0,1,0
4263.79,11,17,0,0,331,15,0,0,0,0
8263.18,6,13,0,0,404,11,1,0,0,0
6616.54,9,13,0,0,523,22,3,0,0,0
2066.5,4,9,0,1,640,30,0,0,1,0
1979.27,6,14,0,0,379,25,2,0,1,0
11947.58,4,11,1,1,640,37,0,0,0,0
14640.56,1,11,1,0,59,2,0,0,0,0
20173.87,6,14,0,1,301,16,0,0,0,1
27009.14,4,14,0,0,515,24,0,0,0,0
5087.89,8,7,0,0,442,25,1,0,0,0
3257.78,6,3,0,1,858,45,1,1,0,0
17171.24,3,7,0,0,181,10,0,1,0,0
9073.1,6,9,0,0,169,10,0,0,0,0
1664.94,6,3,0,0,925,55,0,0,0,0
1581.87,6,4,0,0,100,7,0,0,0,0
7273.04,4,22,0,0,578,27,1,0,1,0
3724.64,7,6,0,0,539,27,1,0,0,0
4331.07,5,17,0,0,244,14,0,0,0,0
12997.77,7,3,0,0,908,41,2,0,0,0
9499.91,4,23,0,0,345,17,0,0,0,0
16812.42,11,5,0,0,369,22,0,0,0,0
644.49,5,9,0,0,184,13,1,0,1,0
5729.58,10,18,0,0,205,14,1,0,0,0
8907.85,12,4,0,0,162,21,1,0,0,0
966.24,5,13,0,1,490,27,1,1,0,0
2310.23,5,18,0,1,477,19,1,0,0,0
1918.91,6,0,0,0,56,3,3,0,0,0
4544.61,6,0,0,0,687,34,0,0,0,0
22648.61,4,18,0,1,318,23,0,0,0,0
33610.35,6,6,0,0,97,7,1,0,0,0
1969.85,4,21,1,1,869,43,0,0,0,0
7529.3,5,22,0,1,274,14,0,0,0,0
7776.0,6,21,0,0,273,9,0,0,0,0
6552.66,8,23,0,0,334,8,0,0,0,0
6627.48,8,19,0,0,649,31,0,0,0,0
6025.42,5,9,0,1,241,10,1,0,0,0
24042.3,11,23,0,0,770,47,0,0,0,0
13392.72,6,8,1,0,161,8,0,0,0,0
1540.48,2,14,0,0,260,14,0,0,0,0
9854.87,4,0,0,0,42,0,0,0,0,0
10854.92,4,23,0,0,278,15,0,1,0,0
6093.44,2,14,0,0,117,3,0,1,0,0
13786.21,7,22,0,1,135,8,1,0,0,0
5367.27,11,8,0,0,121,3,1,0,0,0
5434.2,7,7,0,0,343,15,0,0,1,0
5020.28,9,12,1,0,335,25,0,0,0,0
590.96,7,20,0,0,567,27,0,0,1,0
4103.52,5,13,0,0,267,8,3,0,0,1
2279.59,7,19,0,0,498,32,0,0,0,0
1357.71,5,5,0,0,371,18,1,0,0,0
18657.78,12,18,0,0,223,12,0,0,1,0
7362.89,4,17,0,0,666,46,0,0,0,0
4316.37,4,21,0,0,195,11,0,0,0,0
2528.03,9,1,1,1,83,1,0,0,0,1
5979.96,5,9,0,0,46,2,0,0,0,0
11985.3,7,2,0,0,234,9,0,0,0,0
1945.03,7,9,1,0,300,15,0,0,0,0
4425.65,4,18,0,0,304,20,1,0,0,0
10594.25,4,15,0,0,41,4,0,0,1,0
641.62,8,18,0,0,438,16,1,0,0,0
4198.28,6,17,0,0,265,16,0,0,0,0
2894.91,3,23,0,0,545,33,1,0,0,0
3890.02,4,21,0,0,341,17,0,0,0,0
2692.89,3,14,1,0,486,26,0,1,0,0
5103.21,13,21,0,0,106,4,0,0,0,0
30443.48,5,1,0,0,546,36,0,0,1,1
3216.59,4,17,0,1,415,27,0,0,1,0
5953.36,4,12,0,0,201,9,0,0,0,0
32687.45,16,22,0,0,855,43,0,0,0,0
2565.69,7,12,0,0,1252,64,1,0,0,0
27300.91,5,4,0,0,205,10,0,0,0,0
4470.8,9,17,0,0,575,34,0,0,0,0
26420.52,10,22,0,0,325,13,0,0,0,0
9416.33,3,0,0,0,472,19,0,0,0,0
6045.74,4,1,0,0,390,22,1,1,0,0
4164.57,7,15,0,0,562,42,0,0,0,0
2382.63,8,13,0,0,56,3,1,0,0,0
4797.22,6,13,0,0,462,15,2,0,0,0
10909.2,5,2,0,0,405,23,1,0,0,0
4389.14,6,13,0,0,352,21,1,0,0,0
3240.16,3,13,0,0,721,37,2,0,0,0
3460.67,10,20,0,0,139,11,0,1,1,0
11997.78,8,9,0,0,543,26,0,0,0,0
15141.0,7,8,0,0,187,8,0,0,0,0
2282.1,6,1,0,0,231,20,0,0,0,0
2278.82,5,13,0,0,204,9,1,0,0,0
6498.71,5,15,0,0,348,18,1,0,0,0
20486.72,4,6,0,0,549,29,0,1,0,0
13988.49,4,17,0,0,326,14,0,0,0,0
1271.75,8,22,0,0,610,27,0,0,1,0
3414.97,9,4,0,0,254,10,0,0,0,0
1753.55,7,13,0,0,91,5,0,0,0,0
3403.25,5,16,0,0,388,14,0,0,0,0
22123.82,4,0,0,0,287,11,0,0,0,0
1072.13,6,4,0,0,842,37,1,0,0,0
881.07,6,9,0,0,154,11,0,1,0,0
1941.95,6,3,0,0,433,21,0,0,0,0
5927.22,6,8,0,1,328,14,0,0,0,0
8273.02,10,3,0,0,99,4,0,0,0,0
6887.4,3,21,0,0,71,5,0,0,1,0
14410.11,3,14,0,0,75,5,0,1,0,0
762.74,7,7,0,0,549,33,1,0,0,0
14593.57,6,18,0,1,321,13,0,0,0,0
3254.86,2,0,1,0,478,23,0,0,0,0
9241.82,6,14,0,0,494,24,2,0,1,0
1183.91,7,16,0,0,931,37,0,0,0,0
4469.16,3,19,0,0,635,31,0,0,0,0
5632.29,5,5,0,0,319,14,0,0,1,1
14125.7,5,14,0,0,457,19,0,1,0,0
911.18,4,18,0,0,127,4,0,0,0,0
4585.95,7,19,0,0,107,5,0,1,0,0
1502.32,7,4,0,0,292,22,1,0,0,0
7372.38,4,23,0,0,194,16,0,0,0,0
9674.19,6,6,0,1,336,11,1,1,0,0
16109.59,7,9,0,0,233,12,0,0,0,0
2604.43,9,4,0,0,603,30,0,0,0,0
11239.91,5,3,0,0,449,22,0,0,1,0
17342.26,7,6,0,0,204,13,1,0,0,0
859.85,4,3,0,0,498,23,0,0,1,0
8203.74,5,17,1,0,130,6,0,1,0,0
11597.11,3,14,0,0,313,10,1,0,0,0
3433.29,6,9,0,0,613,36,0,0,0,0
1325.08,7,13,0,0,57,2,0,1,0,0
11418.11,12,14,0,0,742,38,0,0,1,0
1340.09,6,4,0,0,240,14,0,0,0,0
3720.63,7,7,0,0,620,25,2,0,1,0
4272.16,0,21,0,0,241,13,0,0,0,0
9095.53,4,0,0,1,82,4,2,0,0,0
2376.46,6,22,1,0,212,10,0,0,0,0
2242.66,5,23,0,0,698,32,1,0,1,0
4909.44,6,6,0,1,368,18,1,0,0,1
12165.88,2,7,0,0,629,30,0,1,0,0
43802.67,3,4,0,0,246,8,1,0,0,0
984.88,6,13,0,0,173,7,1,0,0,0
6095.72,10,5,0,0,604,23,0,0,0,0
1500.37,6,18,0,0,318,13,2,0,0,0
12317.93,6,9,0,0,409,19,1,1,0,0
1739.68,5,23,0,0,432,12,0,0,0,0
2265.05,5,20,0,0,53,2,0,0,0,0
2466.93,6,9,0,0,511,30,3,1,0,0
4120.79,3,14,0,0,132,5,0,0,0,0
6143.79,9,0,0,0,70,5,0,0,0,0
7213.44,8,1,0,0,220,11,0,0,0,0
4421.49,3,12,0,0,282,15,0,0,0,0
1176.28,7,11,0,0,794,35,0,0,0,0
9207.62,9,9,1,0,531,19,0,0,0,0
4217.68,7,2,0,0,65,8,0,0,0,0
14210.48,7,20,0,0,406,29,0,0,0,0
2191.32,5,9,0,0,315,11,1,0,1,0
895.81,4,11,0,0,151,9,0,0,0,0
4298.3,4,9,0,0,492,27,0,0,0,0
16251.7,7,11,0,0,791,49,0,0,1,0
5223.6,6,15,0,0,338,15,0,0,0,0
3642.15,3,18,1,0,244,15,0,0,0,1
1862.46,6,13,0,0,351,20,0,0,1,0
25790.63,12,3,0,0,407,19,0,0,0,0
1588.26,4,20,0,1,1076,54,0,0,0,0
2152.97,4,6,0,1,186,8,1,0,0,0
7863.87,8,0,0,0,192,11,0,0,0,0
695.05,2,0,0,0,594,29,0,0,0,0
15908.21,4,18,0,0,227,4,1,0,0,0
8301.51,4,9,0,0,49,5,0,0,0,0
10929.61,4,0,0,0,798,40,1,0,0,0
7770.71,7,19,0,0,770,38,0,0,0,0
3785.29,4,7,0,0,114,7,0,0,0,0
1535.87,2,23,1,0,339,13,1,0,0,0
3865.8,3,21,0,0,68,5,0,0,0,0
1677.0,8,1,0,0,560,38,0,0,0,0
7231.16,5,16,1,0,543,25,1,0,0,1
9964.46,5,14,0,0,321,21,0,0,0,0
19473.48,5,4,0,0,653,26,0,1,0,0
6449.56,7,8,0,0,76,3,0,0,0,0
11210.16,4,11,1,0,382,17,0,0,0,0
3303.89,6,3,0,0,49,0,1,0,0,0
2756.52,4,17,0,0,147,7,0,0,0,0
7141.46,9,6,0,0,67,5,0,1,0,0
3021.56,7,22,0,0,874,38,0,0,0,0
5820.76,7,19,0,0,636,35,0,0,0,0
1538.88,5,15,0,1,54,3,0,0,0,0
1841.57,3,2,1,1,399,22,0,0,0,1
8395.15,4,0,1,1,54,2,0,0,1,1
10793.4,10,3,0,0,511,28,0,0,0,0
1659.62,5,11,1,1,589,21,1,0,0,0
8695.96,5,18,0,0,517,20,0,0,0,0
2610.41,1,3,0,0,398,27,2,0,0,0
4521.08,6,16,0,0,282,10,0,0,0,0
18341.92,12,1,0,0,380,17,0,0,1,1
9971.51,8,6,0,0,152,5,0,0,0,0
9856.36,4,14,0,0,399,21,1,0,1,0
29995.13,7,19,0,0,251,9,0,0,0,0
2199.8,4,18,0,0,68,4,1,0,1,0
1659.26,9,12,0,0,132,3,0,0,0,0
2160.03,2,0,0,0,587,29,0,0,0,0
3447.83,4,7,0,0,75,3,1,0,0,0
422.19,4,18,0,0,357,16,0,0,0,0
3614.0,5,1,0,0,239,6,0,0,0,0
2579.7,8,16,0,0,131,9,0,0,0,0
9737.7,6,16,0,0,663,28,0,0,0,0
6325.97,6,18,0,0,739,38,0,0,0,0
2438.9,6,5,0,0,84,5,1,0,0,0
8022.14,2,5,0,0,364,24,1,0,0,0
9166.06,6,4,0,0,266,8,1,0,0,0
2062.05,4,9,0,0,353,14,1,0,0,0
2716.16,3,12,0,0,1491,72,0,0,1,0
480.41,6,2,0,0,241,13,2,1,0,0
1494.19,7,13,0,0,171,5,1,0,0,0
2116.52,8,5,0,0,300,13,1,1,0,0
4789.43,4,13,0,0,419,19,1,0,0,0
1727.82,4,7,0,1,231,15,1,0,0,0
2661.24,5,22,0,1,1411,76,0,0,1,0
1305.93,6,7,0,0,161,9,0,0,0,0
5277.0,7,20,0,0,519,15,0,0,0,0
6807.05,6,4,0,0,834,31,0,0,0,0
6649.95,5,2,0,0,26,3,1,0,0,0
4502.38,6,4,0,0,445,31,0,0,0,0
952.34,3,10,0,0,167,10,0,0,0,0
2392.39,4,21,0,0,133,8,1,0,1,0
2959.26,4,4,0,0,282,12,1,0,0,0
2971.15,4,18,0,0,797,37,1,0,0,0
4793.33,11,16,0,0,607,30,0,0,0,0
18500.28,4,8,0,0,67,2,0,0,0,0
10017.57,1,8,0,0,604,33,1,0,0,0
1656.53,2,22,0,0,164,9,1,0,0,0
8763.96,9,17,0,0,713,30,1,0,0,0
8436.33,6,5,0,0,40,2,0,1,0,0
1986.11,4,21,0,0,469,25,1,0,0,0
10392.77,7,9,1,0,147,8,1,0,0,0
3788.11,5,1,0,0,600,26,0,0,0,0
1085.77,1,19,0,0,939,48,1,0,0,0
7010.77,4,20,0,0,286,15,0,1,0,0
5524.58,9,10,0,0,204,12,0,1,0,0
3541.56,2,16,0,0,256,15,0,0,0,0
4283.59,6,5,0,0,305,17,0,0,0,0
2166.6,7,20,0,0,459,15,0,0,0,0
8185.59,3,8,0,0,74,6,0,0,0,0
4257.98,7,6,0,0,118,11,1,0,0,0
5252.44,6,12,0,1,347,17,0,0,0,0
6355.92,11,6,0,0,312,15,0,0,0,0
1401.66,9,14,0,0,111,10,0,0,0,1
1818.41,6,17,0,0,690,31,0,0,0,0
487.87,5,9,0,0,183,8,2,0,0,0
7822.37,7,18,0,0,1070,70,0,0,0,0
1323.18,5,10,0,0,447,16,0,0,0,0
5077.48,7,23,0,0,567,25,0,0,0,0
6444.54,4,6,0,0,381,20,2,0,0,0
8122.17,9,16,1,0,206,4,1,0,0,0
1334.06,7,12,0,0,371,20,1,0,0,0
4166.53,3,22,0,0,276,16,0,0,0,0
23630.19,6,5,0,0,89,3,0,1,0,0
24693.98,5,4,0,0,91,4,0,0,0,0
11936.1,8,20,0,0,241,19,0,0,0,0
6232.25,5,21,0,1,468,29,0,0,0,0
1627.65,6,17,0,0,241,10,0,0,0,0
9123.62,2,11,0,0,247,17,0,0,0,0
3797.05,1,9,0,0,479,30,0,0,0,0
7789.47,9,15,0,0,239,7,1,1,0,0
2361.75,8,17,0,0,1339,64,0,0,0,0
3740.85,4,6,0,0,183,5,0,0,0,0
5240.37,7,0,0,0,595,32,0,0,0,0
5688.93,2,1,0,0,344,12,0,0,0,0
7286.09,4,8,0,0,1901,89,0,0,0,0
2491.91,9,16,0,0,225,12,0,0,0,0
1160.63,11,10,0,0,532,23,0,0,0,0
22579.21,8,14,0,0,309,8,0,0,0,0
53597.31,8,11,0,1,35,2,1,0,0,1
6956.42,5,6,0,0,332,14,0,0,0,0
1183.24,10,17,0,1,224,21,0,0,0,0
2052.48,7,17,0,0,395,14,0,0,0,0
7399.13,7,23,1,0,174,8,0,0,1,1
17002.5,6,19,0,0,24,2,1,0,1,0
1322.28,5,9,0,0,893,38,0,0,0,0
3927.14,5,16,0,1,194,8,1,0,0,0
5409.61,4,8,0,0,579,36,1,0,0,0
10557.36,4,20,0,0,292,22,0,0,0,0
3153.91,3,14,1,0,391,27,0,0,0,0
930.93,4,20,0,0,366,21,0,0,0,0
8276.68,8,6,0,0,239,14,1,1,0,0
13695.14,7,0,0,1,334,11,2,0,0,0
4094.54,4,3,0,0,556,32,0,0,0,0
6669.1,5,12,0,0,344,16,1,0,0,0
2766.97,6,23,0,0,634,38,0,1,0,0
1908.79,14,15,0,0,223,9,1,0,0,0
12412.08,9,19,0,0,309,17,0,0,0,0
6551.8,5,11,0,0,120,4,0,0,0,0
7261.7,7,23,0,0,415,23,0,0,0,0
19972.57,5,22,0,0,290,17,0,0,0,0
1548.68,5,5,0,0,361,25,0,0,0,0
2560.54,7,20,0,0,858,53,1,0,0,0
5207.91,5,0,0,0,295,15,0,0,0,0
2529.27,5,14,0,0,792,40,1,0,0,0
9731.63,5,10,1,0,161,8,0,0,0,0
3687.12,10,7,0,0,176,9,0,0,0,0
1648.25,9,22,0,0,166,7,0,0,0,0
4749.39,9,15,0,1,107,2,0,0,0,0
5272.92,7,3,0,0,346,14,1,1,0,0
11324.03,12,3,0,0,464,19,0,0,0,0
6588.89,3,2,0,0,1112,52,0,0,0,0
7052.56,3,7,0,0,285,13,1,0,0,0
6125.97,6,1,0,0,834,53,0,0,0,0
3684.09,5,6,0,0,126,4,0,0,0,0
2172.82,6,18,0,0,182,10,0,0,0,0
5936.28,6,20,0,0,275,10,0,0,0,0
3187.13,8,18,0,1,132,6,0,0,0,0
24096.52,7,11,0,0,375,25,0,0,0,0
17020.64,7,16,0,0,100,5,0,0,0,0
8373.6,12,22,0,0,324,15,1,0,0,0
6492.92,2,1,0,0,308,11,0,0,0,0
4072.62,5,21,0,0,415,22,0,0,0,0
1260.01,6,17,1,0,788,38,0,0,0,0
3582.54,1,9,0,0,186,10,1,1,0,0
4921.65,6,10,0,1,987,44,1,0,0,0
5594.04,10,10,0,0,637,26,0,0,0,0
7111.98,4,3,0,0,412,17,0,0,0,0
11173.84,12,5,0,0,102,5,0,0,0,0
2225.74,8,7,0,1,369,9,0,0,1,0
2246.04,5,0,0,0,121,3,0,1,0,1
18974.6,6,12,0,1,494,21,2,1,0,0
9614.06,5,11,0,1,227,11,1,0,0,0
3008.6,11,7,0,0,729,31,0,0,0,0
3994.96,6,4,0,1,748,44,0,0,0,1
4012.97,9,23,0,0,523,25,0,1,0,0
4589.72,4,16,0,0,138,7,0,0,0,0
7134.4,5,11,0,0,254,9,0,0,0,0
56105.7,5,17,0,0,751,28,0,0,0,0
5376.3,7,8,0,0,1400,73,2,0,0,0
8626.53,8,5,0,0,214,14,0,0,0,0
823.47,3,16,0,0,371,23,0,0,0,0
2738.32,6,18,1,0,219,4,2,0,0,0
15196.42,6,15,0,0,146,6,0,0,1,0
6649.62,12,13,0,1,173,5,0,0,0,0
55.2,3,0,0,0,316,19,0,0,0,0
8725.66,4,15,0,0,72,2,2,0,0,0
30277.63,10,14,0,0,657,28,0,0,0,0
604.31,7,9,0,0,269,17,0,0,0,0
20320.54,10,5,0,0,391,17,1,0,0,0
278.12,6,23,0,0,382,17,0,0,0,0
11361.65,9,9,0,0,273,15,1,1,0,0
4408.77,9,6,0,0,209,9,0,0,0,0
424.13,11,16,0,0,190,10,2,0,0,0
6947.5,2,11,0,0,632,38,1,0,0,0
14056.49,8,13,0,0,103,6,0,0,0,0
6398.94,7,15,0,0,521,33,0,0,0,0
7981.07,3,8,0,0,541,24,1,0,1,0
2946.35,5,3,1,0,187,12,0,0,0,0
691.33,3,4,0,0,235,16,0,0,0,0
8882.73,7,22,0,0,406,23,0,0,0,0
25584.81,8,12,0,0,384,24,0,0,1,0
13760.82,6,10,0,0,630,21,0,0,1,0
609.19,7,7,0,0,552,35,0,1,0,0
977.6,3,17,0,0,172,13,0,0,0,0
1908.42,6,21,0,1,732,37,0,0,0,1
904.18,8,18,0,0,228,11,0,0,0,0
4647.99,7,12,0,0,99,3,0,0,0,0
6590.71,5,11,0,0,75,5,0,0,0,0
1063.95,8,20,0,0,508,21,1,0,0,0
9673.34,3,20,1,0,1188,61,0,0,0,0
8112.03,10,9,0,0,162,10,0,1,0,1
2570.46,7,23,0,1,65,6,0,0,1,1
3742.38,2,19,0,1,475,29,0,0,0,0
632.83,11,20,0,0,132,6,0,0,0,0
3189.88,6,1,0,0,585,34,0,0,0,0
4480.03,6,3,0,0,275,23,1,0,0,0
5264.53,7,7,0,0,173,7,0,0,0,0
6495.58,8,18,0,0,285,17,1,0,0,0
5677.36,10,1,0,0,842,41,1,0,0,0
3414.06,4,1,0,0,61,1,0,1,0,0
5920.61,5,0,0,0,602,38,1,0,0,0
12112.97,7,4,0,0,641,34,0,0,1,0
4042.03,8,22,0,0,230,12,0,0,0,0
6109.47,6,17,0,0,494,21,1,0,0,0
3691.65,4,17,0,0,405,23,1,0,0,0
2329.11,5,7,1,0,636,26,1,0,0,0
7501.66,9,15,0,0,286,18,0,0,0,0
2552.36,10,18,0,0,94,7,0,0,0,0
6542.97,5,12,0,1,761,42,0,0,0,0
4574.51,2,20,1,0,181,3,0,0,0,0
3281.53,8,13,0,0,226,12,0,0,0,0
3203.04,3,7,0,0,265,12,0,0,0,0
2675.47,5,15,0,0,698,42,1,0,0,0
857.65,8,22,0,0,1070,63,2,0,0,0
6521.73,5,19,0,0,245,18,1,0,0,0
5605.74,9,11,0,0,253,15,0,0,0,0
10401.14,3,14,0,0,394,24,0,0,0,0
2613.75,5,23,0,0,142,9,0,0,0,0
29595.68,2,17,0,0,478,36,1,0,0,0
3041.98,5,12,0,0,481,25,1,0,0,0
1853.61,5,6,0,0,401,22,1,0,0,0
1646.35,11,21,0,0,102,3,0,0,0,0
785.31,4,23,0,0,1044,42,0,0,1,0
20591.38,4,1,0,0,507,25,1,0,0,0
17519.46,5,0,0,0,951,45,0,0,0,0
8109.12,0,2,0,0,117,4,0,0,0,0
1815.13,3,9,0,0,160,6,0,0,0,0
27208.04,6,3,0,0,192,5,0,0,0,0
3128.41,4,21,1,0,1077,60,0,0,1,0
3398.11,2,21,1,0,381,21,0,0,0,0
18718.34,7,4,0,0,324,19,0,0,0,0
8594.78,3,19,1,1,33,1,1,1,0,0
40179.14,3,3,0,0,251,10,0,0,0,0
5702.86,3,18,1,0,288,16,0,0,0,0
2989.82,4,8,0,0,414,21,0,0,0,0
2411.96,11,0,0,0,1089,79,0,0,1,1
701.35,2,10,0,0,828,45,0,0,0,0
3365.74,4,19,0,0,275,13,0,0,0,0
13968.96,2,22,0,0,154,10,0,0,0,0
8093.64,4,2,0,1,271,18,0,0,0,0
4538.3,9,20,0,0,356,19,0,1,0,0
1644.29,3,7,0,0,494,20,0,0,0,0
5579.6,7,11,0,0,13,0,1,0,0,0
12244.27,10,2,0,0,274,15,0,1,0,0
6841.21,9,23,0,0,290,16,0,0,0,0
5253.95,4,18,0,0,269,12,0,0,0,0
2004.28,7,15,1,0,1083,46,2,0,0,0
10584.88,0,17,0,0,303,18,0,0,0,0
194.05,14,20,0,0,335,14,0,0,0,0
6521.41,4,3,0,0,1002,47,1,0,0,0
58123.3,6,5,0,0,820,31,0,0,0,0
984.0,10,0,0,0,744,39,0,0,0,0
3493.4,4,11,0,0,401,20,1,0,0,0
4412.02,2,11,0,0,239,7,0,0,0,0
2800.12,10,0,0,0,151,9,0,0,0,0
12536.18,4,15,0,0,640,31,0,0,0,0
7132.74,4,0,0,0,946,44,0,0,1,0
5178.65,3,19,1,0,495,36,0,0,0,0
9870.17,4,16,0,0,130,3,0,0,0,0
4522.19,5,19,1,0,380,19,0,0,0,0
106923.03,3,2,1,0,729,42,1,0,0,0
5173.72,5,20,0,1,164,15,0,0,0,0
5406.09,4,13,0,1,171,12,2,0,1,0
803.95,4,20,1,0,470,17,0,0,0,0
2582.59,4,16,1,0,500,20,0,0,0,0
14007.91,5,15,0,0,456,27,0,1,0,0
1169.75,7,0,0,0,789,35,1,0,0,0
514.11,5,16,0,0,330,14,1,0,0,0
4593.12,4,10,0,0,224,9,1,0,1,0
17513.8,7,20,0,0,607,38,2,0,0,0
4639.59,8,16,1,0,1232,87,0,0,1,0
3177.58,7,1,0,0,236,16,0,0,1,1
693.33,6,21,0,0,552,22,0,0,0,0
6990.13,5,1,1,0,855,38,0,0,0,0
8615.13,9,7,0,0,423,21,1,0,0,0
748.65,5,5,1,0,135,3,1,0,0,0
13829.13,3,23,0,0,431,23,1,1,0,0
9563.37,7,3,0,0,482,25,0,0,0,0
13798.51,6,20,0,0,281,14,0,0,0,0
7970.68,10,5,0,0,275,15,0,0,0,0
8549.97,9,15,0,0,106,3,0,0,0,0
7485.48,14,2,0,0,195,11,1,0,0,0
10598.55,7,9,0,0,216,14,0,0,0,0
721.43,4,14,0,0,171,5,1,0,0,0
991.22,5,17,0,0,317,12,2,0,0,0
2130.24,3,20,0,0,668,27,2,1,0,0
3905.65,6,19,0,0,209,12,0,0,0,0
6556.01,7,12,0,1,900,38,0,1,0,0
6152.92,9,7,0,0,464,19,1,0,0,0
13590.22,8,6,0,0,1499,74,1,0,0,0
14023.58,10,23,0,0,557,24,0,0,0,0
1858.67,5,14,0,0,87,4,1,0,0,0
5645.29,5,21,0,0,798,44,2,0,0,0
1904.87,4,10,1,0,55,3,0,0,0,0
3683.99,8,11,0,0,73,1,1,0,0,0
6135.16,6,19,0,0,668,30,0,0,0,0
147.13,3,17,0,0,1138,59,0,0,0,0
49575.1,8,4,0,0,1140,65,0,0,0,0
7835.41,7,12,0,0,433,19,0,0,0,0
2451.11,6,5,0,0,272,10,0,0,0,0
30557.63,6,18,0,0,326,19,2,0,0,0
3141.86,6,0,0,1,330,20,0,0,0,0
5077.22,6,19,0,0,372,16,1,0,0,0
2732.26,11,22,0,0,188,8,0,0,0,0
23201.96,7,0,0,0,360,15,0,1,0,1
4003.86,7,15,0,0,237,9,0,1,0,0
5164.09,10,1,0,1,171,10,0,0,0,0
14820.73,9,8,0,0,920,41,0,0,0,0
7983.56,6,8,0,0,498,31,0,0,0,0
4211.83,4,12,0,0,493,25,0,0,0,0
13499.27,9,22,0,0,379,30,0,0,0,0
56301.88,9,11,0,0,188,14,1,0,0,0
6108.34,7,9,0,0,354,21,0,0,0,0
4997.83,11,2,0,0,1113,62,1,0,0,0
5274.44,7,21,0,0,499,28,0,0,0,0
16488.68,6,7,0,0,316,21,0,0,0,0
2442.56,7,11,0,0,452,21,0,0,0,0
3366.68,7,2,0,0,268,8,0,0,0,0
955.81,7,6,0,0,258,14,1,0,0,0
1361.21,8,13,0,0,692,41,1,0,0,0
2649.7,1,21,1,0,380,20,0,0,0,0
4205.14,4,7,0,0,514,15,0,0,0,0
26084.16,14,13,0,0,366,28,1,0,0,0
7600.68,10,21,0,0,590,27,0,0,0,0
1786.34,5,8,0,0,255,8,0,0,0,0
2147.41,9,7,0,0,289,17,1,0,0,0
17584.07,4,1,0,0,1047,43,1,0,0,0
13720.01,2,21,0,0,72,3,0,1,1,0
4574.03,6,2,0,1,579,25,0,0,0,0
2856.85,6,5,1,0,406,21,0,0,0,0
13697.01,5,3,0,0,300,18,0,0,0,0
1646.94,4,16,0,0,193,5,0,0,0,0
6581.58,7,8,0,0,772,47,0,0,0,0
43159.55,4,16,0,0,1130,64,0,0,0,0
5460.83,7,14,0,0,286,14,0,0,0,0
2047.53,6,0,0,0,542,36,0,0,0,0
6703.39,4,7,1,1,528,20,0,0,0,0
2779.4,8,0,0,1,555,25,2,0,0,0
1103.1,4,1,0,0,127,18,0,0,0,0
8964.58,5,11,0,0,721,44,0,0,0,0
13600.13,10,6,0,0,92,7,1,0,0,0
3258.73,6,2,0,0,523,37,0,0,0,0
3049.6,2,9,0,0,827,41,0,0,0,0
1700.09,9,10,0,0,243,9,1,0,0,0
3827.87,4,23,0,0,400,24,0,0,0,0
2534.2,3,15,0,0,599,30,0,0,0,0
1618.03,6,9,0,1,296,15,0,0,0,0
29500.69,6,11,0,0,178,6,0,0,1,0
7090.37,5,2,1,0,552,24,0,0,1,0
7882.46,12,9,0,0,149,9,0,0,0,0
10757.94,5,13,0,0,59,2,0,0,0,0
9614.58,4,0,0,1,386,17,0,0,0,1
2942.13,5,22,0,0,298,17,0,0,0,0
5840.39,4,12,0,0,558,21,0,0,0,0
3398.09,7,18,0,0,407,19,0,0,0,0
6894.39,3,6,0,0,1248,65,0,0,1,0
6258.47,4,20,1,0,790,48,0,0,0,0
3033.1,6,8,0,1,439,23,0,0,0,0
1176.97,3,22,0,0,729,40,0,0,0,0
5147.35,3,12,0,1,869,52,0,0,0,0
3625.44,6,15,0,0,869,45,1,0,1,0
671.58,3,4,0,0,163,4,0,0,0,0
7388.37,5,23,0,0,193,6,0,0,0,0
11676.6,7,4,0,0,971,55,0,0,0,0
55734.6,9,0,0,0,395,16,0,0,1,0
3007.31,5,10,0,0,412,24,0,0,0,0
2594.86,10,20,0,0,509,30,0,0,0,0
1466.42,1,22,0,1,332,14,1,0,0,0
5478.8,7,20,0,1,1032,45,0,0,0,0
5444.27,5,13,0,0,465,25,0,0,0,0
1975.75,6,22,0,0,681,28,1,1,0,0
3733.38,8,11,0,0,279,15,1,0,0,0
614.82,5,11,0,0,311,12,0,0,0,0
11230.37,1,4,0,0,188,7,0,0,0,0
2057.65,5,18,0,0,625,38,0,0,0,0
4295.59,4,7,0,0,349,15,0,0,0,0
1067.75,6,4,0,0,626,40,1,0,0,0
2484.05,7,8,0,0,586,32,0,0,0,0
3362.4,6,14,0,0,173,7,1,0,0,0
4397.14,7,6,0,0,320,19,0,0,0,0
7184.87,6,8,0,0,157,6,1,0,0,0
18752.36,9,7,0,0,176,7,1,0,0,0
9253.07,10,14,0,0,145,6,0,0,0,1
11639.56,9,17,0,0,201,4,1,0,0,0
18884.64,8,16,0,0,231,7,0,0,0,0
7861.3,7,3,0,0,1427,71,0,0,0,0
4286.79,5,8,0,0,295,18,0,0,0,0
12199.03,1,15,0,0,651,37,1,0,0,0
13003.96,6,5,0,1,534,25,0,0,0,0
8506.33,5,1,0,0,463,27,0,0,0,0
1038.33,2,7,1,1,705,28,0,0,0,0
1917.04,3,16,0,0,440,16,1,0,0,0
3378.36,7,15,0,0,188,9,0,0,0,0
9697.48,7,3,0,0,499,25,0,0,0,0
4353.14,8,16,0,0,584,31,0,0,0,0
13861.47,10,4,0,0,154,10,0,0,0,0
16568.14,5,17,0,0,435,22,1,0,0,0
14752.54,7,13,0,0,683,34,1,0,1,0
14846.81,8,3,0,0,370,19,0,0,0,0
1576.57,9,8,0,0,1156,63,1,0,0,0
7205.76,5,19,0,0,240,9,1,0,0,0
2422.3,11,10,0,0,302,18,1,0,1,1
854.86,3,16,0,0,514,27,0,1,0,0
3336.0,3,17,0,1,254,14,0,0,0,0
16726.29,4,0,0,0,249,12,1,0,0,0
7049.71,6,22,0,0,825,46,2,0,0,0
33450.08,5,8,0,1,305,10,0,0,0,0
5309.38,6,19,0,0,687,36,0,0,0,0
51421.04,7,11,0,0,170,11,0,0,0,0
5310.92,7,13,0,0,300,17,2,0,0,0
4548.17,5,8,0,0,290,12,0,0,0,0
1237.2,4,20,0,0,306,16,1,1,0,0
13501.59,8,2,1,0,171,11,0,0,0,0
2691.56,5,21,1,0,276,13,0,0,0,0
2328.44,3,4,0,0,367,21,0,0,0,0
16014.19,6,21,0,0,79,7,0,0,0,0
14160.66,5,0,0,0,244,12,0,0,0,0
13794.86,6,0,0,0,511,22,0,0,0,0
3095.82,7,2,0,0,215,12,2,0,0,0
4226.05,9,13,0,0,425,12,0,0,0,0
4188.7,7,6,0,0,203,11,0,1,0,0
9725.61,11,14,0,0,345,12,0,0,0,0
21027.04,5,19,0,0,58,2,0,0,0,0
6426.25,2,0,0,0,501,30,0,0,0,0
32044.83,6,12,0,0,249,18,0,0,0,0
10907.37,3,17,1,0,637,37,0,0,0,0
3516.43,8,10,1,0,320,14,0,0,1,0
10185.41,6,22,0,0,266,16,0,0,1,0
24488.04,7,15,1,0,223,12,1,0,0,0
32803.45,6,0,0,0,247,12,0,0,0,0
14572.5,7,12,0,0,241,17,1,1,0,0
4562.72,9,9,0,0,200,10,1,0,0,0
3580.68,3,3,0,1,213,7,0,0,0,0
7911.47,8,22,0,1,1108,44,0,1,1,0
23717.64,6,5,0,1,326,21,0,0,0,1
6862.1,12,2,0,0,81,4,0,0,0,0
7006.07,5,5,0,0,81,4,0,1,0,0
4681.61,4,19,0,0,1126,56,0,1,0,0
3203.85,4,14,0,0,317,16,0,0,0,0
3781.46,4,19,0,0,144,12,0,0,0,0
5092.0,9,11,0,0,685,27,0,0,0,0
24787.63,8,2,0,0,218,19,2,1,0,0
3499.19,6,9,0,0,358,19,0,0,0,0
4687.3,6,4,0,0,398,23,0,0,0,0
1871.74,2,13,0,0,153,6,1,0,0,0
9105.47,4,6,0,0,222,7,0,0,1,0
17442.75,9,23,0,0,554,21,0,1,0,0
22572.73,4,9,1,0,831,31,1,0,0,0
5449.97,1,7,0,0,592,37,1,0,0,0
7897.92,4,23,0,0,443,23,1,0,0,0
3814.06,6,12,0,0,265,17,1,0,0,0
7540.31,6,4,0,0,482,20,0,0,0,0
6087.33,3,11,1,1,542,25,0,0,0,0
4713.87,2,6,0,1,817,37,0,1,0,0
5103.87,6,17,0,0,346,18,1,0,0,0
6987.81,3,13,0,0,1366,85,0,0,0,0
3313.79,5,17,0,0,651,32,0,0,1,1
3489.46,2,22,1,1,322,16,0,0,0,0
24522.88,5,17,0,1,732,37,0,0,0,0
66872.75,0,8,0,0,273,17,2,0,0,0
1333.59,7,4,0,0,219,9,1,0,0,0
1262.1,4,12,0,0,83,2,0,0,0,1
1707.61,8,10,0,0,1094,55,1,0,0,0
4010.66,9,7,0,1,266,10,0,0,0,0
10891.96,6,19,0,0,537,28,0,0,0,0
8032.51,8,21,0,0,657,36,0,0,0,0
5281.85,7,9,0,0,274,15,2,0,0,0
7547.23,11,16,0,0,293,14,1,0,0,0
2225.89,8,23,0,0,81,7,0,0,1,0
3483.79,4,0,0,0,160,11,0,0,1,0
4358.6,11,8,0,0,107,5,1,0,0,0
912.13,8,17,0,0,1269,68,0,0,1,0
1392.27,3,11,0,0,309,15,0,0,0,0
1448.72,5,19,0,0,213,8,0,0,0,0
9548.2,9,11,1,0,257,9,0,0,0,0
5683.68,8,1,0,1,354,17,0,0,0,0
8193.21,8,10,0,0,189,8,0,0,0,0
706.52,6,9,1,0,527,34,1,0,0,0
1008.72,5,20,0,0,658,36,0,0,0,0
8631.86,5,3,0,0,313,12,0,0,0,0
276.26,5,3,0,1,228,17,1,0,0,0
15132.94,4,3,0,0,270,13,0,1,0,0
718.15,10,13,0,0,166,11,1,0,0,0
10335.55,4,23,0,0,296,19,0,0,0,0
1828.8,3,14,0,0,563,23,1,0,0,0
12694.24,9,19,1,0,946,44,0,1,0,0
109991.78,4,20,0,0,443,17,0,0,0,0
457.98,4,14,0,0,554,29,0,0,0,0
8913.99,7,14,0,0,318,20,0,1,1,0
729.12,11,5,0,0,703,29,0,0,0,0
6814.23,7,23,0,0,197,7,0,0,0,0
3616.38,7,18,0,0,128,11,0,0,0,0
5063.34,8,20,0,1,306,13,1,0,0,0
1787.04,5,23,0,0,478,27,0,0,1,0
9706.4,5,8,0,0,121,7,0,0,0,0
1044.86,9,3,0,1,1053,58,0,0,0,1
15392.52,3,20,0,0,169,10,1,0,0,0
2953.51,5,11,0,0,251,16,0,0,0,0
1093.69,8,23,0,0,478,19,1,0,0,0
21915.22,5,16,1,0,433,20,0,0,0,0
4157.45,3,6,0,1,718,39,1,0,0,0
29960.53,2,8,0,0,573,27,1,0,1,0
15083.49,11,14,0,0,173,7,2,1,0,0
2001.9,2,9,0,1,259,12,0,0,0,0
4084.73,8,6,0,0,508,35,0,0,0,0
5019.26,4,5,1,1,316,11,1,0,0,0
20461.56,6,15,0,0,170,11,0,0,0,0
6887.87,8,0,0,0,58,3,0,0,0,0
5304.4,3,2,0,0,827,44,0,0,0,0
3641.39,4,1,0,0,249,10,0,0,0,0
4227.83,6,17,0,0,504,19,1,0,0,0
16392.71,5,0,0,0,181,4,0,0,1,0
4463.58,6,10,0,0,445,25,0,0,0,0
2995.91,6,2,1,0,71,3,0,0,0,0
2528.78,9,14,0,1,178,10,0,0,0,0
2556.09,8,0,1,0,279,16,1,0,0,0
1094.34,4,0,0,0,197,7,0,0,0,0
2099.86,4,9,0,0,221,13,2,0,0,0
19898.91,5,16,0,0,588,31,0,0,0,0
3617.0,9,2,0,0,247,11,0,0,0,0
8994.89,1,11,0,0,152,8,0,0,0,0
372.88,4,19,0,0,251,9,1,0,0,0
7850.33,9,15,0,0,56,3,0,0,0,0
3784.42,3,18,0,0,287,14,0,0,1,0
2747.81,6,7,0,0,270,14,1,0,0,0
5329.22,5,22,0,0,286,16,1,0,0,0
2708.57,5,3,0,0,110,9,1,0,0,0
531.72,8,14,0,0,401,16,1,0,0,0
11184.09,9,10,0,0,303,9,0,0,0,0
5670.41,8,0,0,0,811,44,1,0,0,0
3248.85,7,22,0,0,620,35,0,0,0,0
1692.25,8,16,0,0,182,3,0,0,0,0
1022.64,6,5,0,0,177,8,0,1,0,1
5563.0,5,1,0,1,633,32,1,0,0,0
22324.52,9,16,0,0,157,9,0,0,0,0
5448.89,5,13,0,0,167,10,0,0,0,0
1115.7,2,1,0,0,423,19,0,0,0,0
